"Bay St. Louis, Mississippi, USA"
"Bay St. Louis, Mississippi, USA"
"Tokyo, Japan"
"Tokyo, Japan"
"Atlantic City, New Jersey, USA"
"Atlantic City, New Jersey, USA"
"Atlantic City, New Jersey, USA"
"Atlantic City, New Jersey, USA"
"Atlantic City, New Jersey, USA"
"Atlantic City, New Jersey, USA"
"Atlantic City, New Jersey, USA"
"Atlantic City, New Jersey, USA"
"Atlantic City, New Jersey, USA"
"Atlantic City, New Jersey, USA"
"Atlantic City, New Jersey, USA"
"Atlantic City, New Jersey, USA"
"Atlantic City, New Jersey, USA"
"Atlantic City, New Jersey, USA"
"Atlantic City, New Jersey, USA"
"Atlantic City, New Jersey, USA"
"Atlantic City, New Jersey, USA"
"Atlantic City, New Jersey, USA"
"Atlantic City, New Jersey, USA"
"Atlantic City, New Jersey, USA"
"Atlantic City, New Jersey, USA"
"Atlantic City, New Jersey, USA"
"Atlantic City, New Jersey, USA"
"Atlantic City, New Jersey, USA"
"Atlantic City, New Jersey, USA"
"Atlantic City, New Jersey, USA"
"Atlantic City, New Jersey, USA"
"Atlantic City, New Jersey, USA"
"Atlantic City, New Jersey, USA"
"Atlantic City, New Jersey, USA"
"Atlantic City, New Jersey, USA"
"Atlantic City, New Jersey, USA"
"East Rutherford, New Jersey, USA"
"East Rutherford, New Jersey, USA"
"East Rutherford, New Jersey, USA"
"East Rutherford, New Jersey, USA"
"East Rutherford, New Jersey, USA"
"East Rutherford, New Jersey, USA"
"East Rutherford, New Jersey, USA"
"East Rutherford, New Jersey, USA"
"East Rutherford, New Jersey, USA"
"East Rutherford, New Jersey, USA"
"Las Vegas, Nevada, USA"
"Las Vegas, Nevada, USA"
"Las Vegas, Nevada, USA"
"Las Vegas, Nevada, USA"
"Las Vegas, Nevada, USA"
"Las Vegas, Nevada, USA"
"Las Vegas, Nevada, USA"
"Las Vegas, Nevada, USA"
"Las Vegas, Nevada, USA"
"Las Vegas, Nevada, USA"
"Las Vegas, Nevada, USA"
"Las Vegas, Nevada, USA"
"Las Vegas, Nevada, USA"
"Las Vegas, Nevada, USA"
"Las Vegas, Nevada, USA"
"Las Vegas, Nevada, USA"
"Las Vegas, Nevada, USA"
"Las Vegas, Nevada, USA"
"Las Vegas, Nevada, USA"
"Las Vegas, Nevada, USA"
"Las Vegas, Nevada, USA"
"Las Vegas, Nevada, USA"
"Las Vegas, Nevada, USA"
"Las Vegas, Nevada, USA"
"Las Vegas, Nevada, USA"
"Las Vegas, Nevada, USA"
"Las Vegas, Nevada, USA"
"Las Vegas, Nevada, USA"
"Las Vegas, Nevada, USA"
"Las Vegas, Nevada, USA"
"Las Vegas, Nevada, USA"
"Las Vegas, Nevada, USA"
"Las Vegas, Nevada, USA"
"Las Vegas, Nevada, USA"
"Las Vegas, Nevada, USA"
"Las Vegas, Nevada, USA"
"Las Vegas, Nevada, USA"
"Las Vegas, Nevada, USA"
"Las Vegas, Nevada, USA"
"Las Vegas, Nevada, USA"
"Las Vegas, Nevada, USA"
"Las Vegas, Nevada, USA"
"Las Vegas, Nevada, USA"
"Las Vegas, Nevada, USA"
"Las Vegas, Nevada, USA"
"Las Vegas, Nevada, USA"
"Las Vegas, Nevada, USA"
"Las Vegas, Nevada, USA"
"Las Vegas, Nevada, USA"
"Las Vegas, Nevada, USA"
"Las Vegas, Nevada, USA"
"Las Vegas, Nevada, USA"
"Las Vegas, Nevada, USA"
"Las Vegas, Nevada, USA"
"Las Vegas, Nevada, USA"
"Las Vegas, Nevada, USA"
"Las Vegas, Nevada, USA"
"Las Vegas, Nevada, USA"
"Las Vegas, Nevada, USA"
"Las Vegas, Nevada, USA"
"Las Vegas, Nevada, USA"
"Las Vegas, Nevada, USA"
"Las Vegas, Nevada, USA"
"Las Vegas, Nevada, USA"
"Las Vegas, Nevada, USA"
"Las Vegas, Nevada, USA"
"Las Vegas, Nevada, USA"
"Las Vegas, Nevada, USA"
"Las Vegas, Nevada, USA"
"Las Vegas, Nevada, USA"
"Las Vegas, Nevada, USA"
"Las Vegas, Nevada, USA"
"Las Vegas, Nevada, USA"
"Las Vegas, Nevada, USA"
"Las Vegas, Nevada, USA"
"Las Vegas, Nevada, USA"
"Las Vegas, Nevada, USA"
"Las Vegas, Nevada, USA"
"Las Vegas, Nevada, USA"
"Las Vegas, Nevada, USA"
"Las Vegas, Nevada, USA"
"Las Vegas, Nevada, USA"
"Las Vegas, Nevada, USA"
"Las Vegas, Nevada, USA"
"Las Vegas, Nevada, USA"
"Las Vegas, Nevada, USA"
"Las Vegas, Nevada, USA"
"Las Vegas, Nevada, USA"
"Las Vegas, Nevada, USA"
"Las Vegas, Nevada, USA"
"Las Vegas, Nevada, USA"
"Las Vegas, Nevada, USA"
"Las Vegas, Nevada, USA"
"Las Vegas, Nevada, USA"
"Las Vegas, Nevada, USA"
"Las Vegas, Nevada, USA"
"Las Vegas, Nevada, USA"
"Las Vegas, Nevada, USA"
"Las Vegas, Nevada, USA"
"Las Vegas, Nevada, USA"
"Las Vegas, Nevada, USA"
"Las Vegas, Nevada, USA"
"Las Vegas, Nevada, USA"
"Las Vegas, Nevada, USA"
"Las Vegas, Nevada, USA"
"Las Vegas, Nevada, USA"
"Las Vegas, Nevada, USA"
"Las Vegas, Nevada, USA"
"Las Vegas, Nevada, USA"
"Las Vegas, Nevada, USA"
"Las Vegas, Nevada, USA"
"Las Vegas, Nevada, USA"
"Las Vegas, Nevada, USA"
"Las Vegas, Nevada, USA"
"Las Vegas, Nevada, USA"
"Las Vegas, Nevada, USA"
"Las Vegas, Nevada, USA"
"Las Vegas, Nevada, USA"
"Las Vegas, Nevada, USA"
"Las Vegas, Nevada, USA"
"Las Vegas, Nevada, USA"
"Las Vegas, Nevada, USA"
"Las Vegas, Nevada, USA"
"Las Vegas, Nevada, USA"
"Las Vegas, Nevada, USA"
"Las Vegas, Nevada, USA"
"Las Vegas, Nevada, USA"
"Las Vegas, Nevada, USA"
"Las Vegas, Nevada, USA"
"Las Vegas, Nevada, USA"
"Las Vegas, Nevada, USA"
"Las Vegas, Nevada, USA"
"Las Vegas, Nevada, USA"
"Las Vegas, Nevada, USA"
"Las Vegas, Nevada, USA"
"Las Vegas, Nevada, USA"
"Las Vegas, Nevada, USA"
"Las Vegas, Nevada, USA"
"Las Vegas, Nevada, USA"
"Las Vegas, Nevada, USA"
"Las Vegas, Nevada, USA"
"Las Vegas, Nevada, USA"
"Las Vegas, Nevada, USA"
"Las Vegas, Nevada, USA"
"Las Vegas, Nevada, USA"
"Las Vegas, Nevada, USA"
"Las Vegas, Nevada, USA"
"Las Vegas, Nevada, USA"
"Las Vegas, Nevada, USA"
"Las Vegas, Nevada, USA"
"Las Vegas, Nevada, USA"
"Las Vegas, Nevada, USA"
"Las Vegas, Nevada, USA"
"Las Vegas, Nevada, USA"
"Las Vegas, Nevada, USA"
"Las Vegas, Nevada, USA"
"Las Vegas, Nevada, USA"
"Las Vegas, Nevada, USA"
"Las Vegas, Nevada, USA"
"Las Vegas, Nevada, USA"
"Las Vegas, Nevada, USA"
"Las Vegas, Nevada, USA"
"Las Vegas, Nevada, USA"
"Las Vegas, Nevada, USA"
"Las Vegas, Nevada, USA"
"Las Vegas, Nevada, USA"
"Las Vegas, Nevada, USA"
"Las Vegas, Nevada, USA"
"Las Vegas, Nevada, USA"
"Las Vegas, Nevada, USA"
"Las Vegas, Nevada, USA"
"Las Vegas, Nevada, USA"
"Las Vegas, Nevada, USA"
"Las Vegas, Nevada, USA"
"Las Vegas, Nevada, USA"
"Las Vegas, Nevada, USA"
"Las Vegas, Nevada, USA"
"Las Vegas, Nevada, USA"
"Las Vegas, Nevada, USA"
"Las Vegas, Nevada, USA"
"Las Vegas, Nevada, USA"
"Las Vegas, Nevada, USA"
"Las Vegas, Nevada, USA"
"Las Vegas, Nevada, USA"
"Las Vegas, Nevada, USA"
"Las Vegas, Nevada, USA"
"Las Vegas, Nevada, USA"
"Las Vegas, Nevada, USA"
"Las Vegas, Nevada, USA"
"Las Vegas, Nevada, USA"
"Las Vegas, Nevada, USA"
"Las Vegas, Nevada, USA"
"Las Vegas, Nevada, USA"
"Las Vegas, Nevada, USA"
"Las Vegas, Nevada, USA"
"Las Vegas, Nevada, USA"
"Las Vegas, Nevada, USA"
"Las Vegas, Nevada, USA"
"Las Vegas, Nevada, USA"
"Las Vegas, Nevada, USA"
"Las Vegas, Nevada, USA"
"Las Vegas, Nevada, USA"
"Las Vegas, Nevada, USA"
"Las Vegas, Nevada, USA"
"Las Vegas, Nevada, USA"
"Las Vegas, Nevada, USA"
"Las Vegas, Nevada, USA"
"Las Vegas, Nevada, USA"
"Las Vegas, Nevada, USA"
"Las Vegas, Nevada, USA"
"Las Vegas, Nevada, USA"
"Las Vegas, Nevada, USA"
"Las Vegas, Nevada, USA"
"Las Vegas, Nevada, USA"
"Las Vegas, Nevada, USA"
"Las Vegas, Nevada, USA"
"Las Vegas, Nevada, USA"
"Las Vegas, Nevada, USA"
"Las Vegas, Nevada, USA"
"Las Vegas, Nevada, USA"
"Las Vegas, Nevada, USA"
"Las Vegas, Nevada, USA"
"Las Vegas, Nevada, USA"
"Las Vegas, Nevada, USA"
"Las Vegas, Nevada, USA"
"Las Vegas, Nevada, USA"
"Las Vegas, Nevada, USA"
"Las Vegas, Nevada, USA"
"Las Vegas, Nevada, USA"
"Las Vegas, Nevada, USA"
"Las Vegas, Nevada, USA"
"Las Vegas, Nevada, USA"
"Las Vegas, Nevada, USA"
"Las Vegas, Nevada, USA"
"Las Vegas, Nevada, USA"
"Las Vegas, Nevada, USA"
"Las Vegas, Nevada, USA"
"Las Vegas, Nevada, USA"
"Las Vegas, Nevada, USA"
"Las Vegas, Nevada, USA"
"Las Vegas, Nevada, USA"
"Las Vegas, Nevada, USA"
"Las Vegas, Nevada, USA"
"Las Vegas, Nevada, USA"
"Las Vegas, Nevada, USA"
"Las Vegas, Nevada, USA"
"Las Vegas, Nevada, USA"
"Las Vegas, Nevada, USA"
"Las Vegas, Nevada, USA"
"Las Vegas, Nevada, USA"
"Las Vegas, Nevada, USA"
"Las Vegas, Nevada, USA"
"Las Vegas, Nevada, USA"
"Las Vegas, Nevada, USA"
"Las Vegas, Nevada, USA"
"Las Vegas, Nevada, USA"
"Las Vegas, Nevada, USA"
"Las Vegas, Nevada, USA"
"Las Vegas, Nevada, USA"
"Las Vegas, Nevada, USA"
"Las Vegas, Nevada, USA"
"Las Vegas, Nevada, USA"
"Las Vegas, Nevada, USA"
"Las Vegas, Nevada, USA"
"Las Vegas, Nevada, USA"
"Las Vegas, Nevada, USA"
"Las Vegas, Nevada, USA"
"Las Vegas, Nevada, USA"
"Las Vegas, Nevada, USA"
"Las Vegas, Nevada, USA"
"Las Vegas, Nevada, USA"
"Las Vegas, Nevada, USA"
"Las Vegas, Nevada, USA"
"Las Vegas, Nevada, USA"
"Las Vegas, Nevada, USA"
"Las Vegas, Nevada, USA"
"Las Vegas, Nevada, USA"
"Las Vegas, Nevada, USA"
"Las Vegas, Nevada, USA"
"Las Vegas, Nevada, USA"
"Las Vegas, Nevada, USA"
"Las Vegas, Nevada, USA"
"Las Vegas, Nevada, USA"
"Las Vegas, Nevada, USA"
"Las Vegas, Nevada, USA"
"Las Vegas, Nevada, USA"
"Las Vegas, Nevada, USA"
"Las Vegas, Nevada, USA"
"Las Vegas, Nevada, USA"
"Las Vegas, Nevada, USA"
"Las Vegas, Nevada, USA"
"Las Vegas, Nevada, USA"
"Las Vegas, Nevada, USA"
"Las Vegas, Nevada, USA"
"Las Vegas, Nevada, USA"
"Las Vegas, Nevada, USA"
"Las Vegas, Nevada, USA"
"Las Vegas, Nevada, USA"
"Las Vegas, Nevada, USA"
"Las Vegas, Nevada, USA"
"Las Vegas, Nevada, USA"
"Las Vegas, Nevada, USA"
"Las Vegas, Nevada, USA"
"Las Vegas, Nevada, USA"
"Las Vegas, Nevada, USA"
"Las Vegas, Nevada, USA"
"Las Vegas, Nevada, USA"
"Las Vegas, Nevada, USA"
"Las Vegas, Nevada, USA"
"Las Vegas, Nevada, USA"
"Las Vegas, Nevada, USA"
"Las Vegas, Nevada, USA"
"Las Vegas, Nevada, USA"
"Las Vegas, Nevada, USA"
"Las Vegas, Nevada, USA"
"Las Vegas, Nevada, USA"
"Las Vegas, Nevada, USA"
"Las Vegas, Nevada, USA"
"Las Vegas, Nevada, USA"
"Las Vegas, Nevada, USA"
"Las Vegas, Nevada, USA"
"Las Vegas, Nevada, USA"
"Las Vegas, Nevada, USA"
"Las Vegas, Nevada, USA"
"Las Vegas, Nevada, USA"
"Las Vegas, Nevada, USA"
"Las Vegas, Nevada, USA"
"Las Vegas, Nevada, USA"
"Las Vegas, Nevada, USA"
"Las Vegas, Nevada, USA"
"Las Vegas, Nevada, USA"
"Las Vegas, Nevada, USA"
"Las Vegas, Nevada, USA"
"Las Vegas, Nevada, USA"
"Las Vegas, Nevada, USA"
"Las Vegas, Nevada, USA"
"Las Vegas, Nevada, USA"
"Las Vegas, Nevada, USA"
"Las Vegas, Nevada, USA"
"Las Vegas, Nevada, USA"
"Las Vegas, Nevada, USA"
"Las Vegas, Nevada, USA"
"Las Vegas, Nevada, USA"
"Las Vegas, Nevada, USA"
"Las Vegas, Nevada, USA"
"Las Vegas, Nevada, USA"
"Las Vegas, Nevada, USA"
"Las Vegas, Nevada, USA"
"Las Vegas, Nevada, USA"
"Las Vegas, Nevada, USA"
"Las Vegas, Nevada, USA"
"Las Vegas, Nevada, USA"
"Las Vegas, Nevada, USA"
"Las Vegas, Nevada, USA"
"Las Vegas, Nevada, USA"
"Las Vegas, Nevada, USA"
"Las Vegas, Nevada, USA"
"Las Vegas, Nevada, USA"
"Las Vegas, Nevada, USA"
"Las Vegas, Nevada, USA"
"Las Vegas, Nevada, USA"
"Las Vegas, Nevada, USA"
"Las Vegas, Nevada, USA"
"Las Vegas, Nevada, USA"
"Las Vegas, Nevada, USA"
"Las Vegas, Nevada, USA"
"Las Vegas, Nevada, USA"
"Las Vegas, Nevada, USA"
"Las Vegas, Nevada, USA"
"Las Vegas, Nevada, USA"
"Las Vegas, Nevada, USA"
"Las Vegas, Nevada, USA"
"Las Vegas, Nevada, USA"
"Las Vegas, Nevada, USA"
"Las Vegas, Nevada, USA"
"Las Vegas, Nevada, USA"
"Las Vegas, Nevada, USA"
"Las Vegas, Nevada, USA"
"Las Vegas, Nevada, USA"
"Las Vegas, Nevada, USA"
"Las Vegas, Nevada, USA"
"Las Vegas, Nevada, USA"
"Las Vegas, Nevada, USA"
"Las Vegas, Nevada, USA"
"Las Vegas, Nevada, USA"
"Las Vegas, Nevada, USA"
"Las Vegas, Nevada, USA"
"Las Vegas, Nevada, USA"
"Las Vegas, Nevada, USA"
"Las Vegas, Nevada, USA"
"Las Vegas, Nevada, USA"
"Las Vegas, Nevada, USA"
"Las Vegas, Nevada, USA"
"Las Vegas, Nevada, USA"
"Las Vegas, Nevada, USA"
"Las Vegas, Nevada, USA"
"Las Vegas, Nevada, USA"
"Las Vegas, Nevada, USA"
"Las Vegas, Nevada, USA"
"Las Vegas, Nevada, USA"
"Las Vegas, Nevada, USA"
"Las Vegas, Nevada, USA"
"Las Vegas, Nevada, USA"
"Las Vegas, Nevada, USA"
"Las Vegas, Nevada, USA"
"Las Vegas, Nevada, USA"
"Las Vegas, Nevada, USA"
"Las Vegas, Nevada, USA"
"Las Vegas, Nevada, USA"
"Las Vegas, Nevada, USA"
"Las Vegas, Nevada, USA"
"Las Vegas, Nevada, USA"
"Las Vegas, Nevada, USA"
"Las Vegas, Nevada, USA"
"Las Vegas, Nevada, USA"
"Las Vegas, Nevada, USA"
"Las Vegas, Nevada, USA"
"Las Vegas, Nevada, USA"
"Las Vegas, Nevada, USA"
"Las Vegas, Nevada, USA"
"Las Vegas, Nevada, USA"
"Las Vegas, Nevada, USA"
"Las Vegas, Nevada, USA"
"Las Vegas, Nevada, USA"
"Las Vegas, Nevada, USA"
"Las Vegas, Nevada, USA"
"Las Vegas, Nevada, USA"
"Las Vegas, Nevada, USA"
"Las Vegas, Nevada, USA"
"Las Vegas, Nevada, USA"
"Las Vegas, Nevada, USA"
"Las Vegas, Nevada, USA"
"Las Vegas, Nevada, USA"
"Las Vegas, Nevada, USA"
"Las Vegas, Nevada, USA"
"Las Vegas, Nevada, USA"
"Las Vegas, Nevada, USA"
"Las Vegas, Nevada, USA"
"Las Vegas, Nevada, USA"
"Las Vegas, Nevada, USA"
"Las Vegas, Nevada, USA"
"Las Vegas, Nevada, USA"
"Las Vegas, Nevada, USA"
"Las Vegas, Nevada, USA"
"Las Vegas, Nevada, USA"
"Las Vegas, Nevada, USA"
"Las Vegas, Nevada, USA"
"Las Vegas, Nevada, USA"
"Las Vegas, Nevada, USA"
"Las Vegas, Nevada, USA"
"Las Vegas, Nevada, USA"
"Las Vegas, Nevada, USA"
"Las Vegas, Nevada, USA"
"Las Vegas, Nevada, USA"
"Las Vegas, Nevada, USA"
"Las Vegas, Nevada, USA"
"Las Vegas, Nevada, USA"
"Las Vegas, Nevada, USA"
"Las Vegas, Nevada, USA"
"Las Vegas, Nevada, USA"
"Las Vegas, Nevada, USA"
"Las Vegas, Nevada, USA"
"Las Vegas, Nevada, USA"
"Las Vegas, Nevada, USA"
"Las Vegas, Nevada, USA"
"Las Vegas, Nevada, USA"
"Las Vegas, Nevada, USA"
"Las Vegas, Nevada, USA"
"Las Vegas, Nevada, USA"
"Las Vegas, Nevada, USA"
"Las Vegas, Nevada, USA"
"Las Vegas, Nevada, USA"
"Las Vegas, Nevada, USA"
"Las Vegas, Nevada, USA"
"Las Vegas, Nevada, USA"
"Las Vegas, Nevada, USA"
"Las Vegas, Nevada, USA"
"Las Vegas, Nevada, USA"
"Las Vegas, Nevada, USA"
"Las Vegas, Nevada, USA"
"Las Vegas, Nevada, USA"
"Las Vegas, Nevada, USA"
"Las Vegas, Nevada, USA"
"Las Vegas, Nevada, USA"
"Las Vegas, Nevada, USA"
"Las Vegas, Nevada, USA"
"Las Vegas, Nevada, USA"
"Las Vegas, Nevada, USA"
"Las Vegas, Nevada, USA"
"Las Vegas, Nevada, USA"
"Las Vegas, Nevada, USA"
"Las Vegas, Nevada, USA"
"Las Vegas, Nevada, USA"
"Las Vegas, Nevada, USA"
"Las Vegas, Nevada, USA"
"Las Vegas, Nevada, USA"
"Las Vegas, Nevada, USA"
"Las Vegas, Nevada, USA"
"Las Vegas, Nevada, USA"
"Las Vegas, Nevada, USA"
"Las Vegas, Nevada, USA"
"Las Vegas, Nevada, USA"
"Las Vegas, Nevada, USA"
"Las Vegas, Nevada, USA"
"Las Vegas, Nevada, USA"
"Las Vegas, Nevada, USA"
"Las Vegas, Nevada, USA"
"Las Vegas, Nevada, USA"
"Las Vegas, Nevada, USA"
"Las Vegas, Nevada, USA"
"Las Vegas, Nevada, USA"
"Las Vegas, Nevada, USA"
"Las Vegas, Nevada, USA"
"Las Vegas, Nevada, USA"
"Las Vegas, Nevada, USA"
"Las Vegas, Nevada, USA"
"Las Vegas, Nevada, USA"
"Las Vegas, Nevada, USA"
"Las Vegas, Nevada, USA"
"Las Vegas, Nevada, USA"
"Las Vegas, Nevada, USA"
"Las Vegas, Nevada, USA"
"Las Vegas, Nevada, USA"
"Las Vegas, Nevada, USA"
"Las Vegas, Nevada, USA"
"Las Vegas, Nevada, USA"
"Las Vegas, Nevada, USA"
"Las Vegas, Nevada, USA"
"Las Vegas, Nevada, USA"
"Las Vegas, Nevada, USA"
"Las Vegas, Nevada, USA"
"Las Vegas, Nevada, USA"
"Las Vegas, Nevada, USA"
"Las Vegas, Nevada, USA"
"Las Vegas, Nevada, USA"
"Las Vegas, Nevada, USA"
"Las Vegas, Nevada, USA"
"Las Vegas, Nevada, USA"
"Las Vegas, Nevada, USA"
"Las Vegas, Nevada, USA"
"Las Vegas, Nevada, USA"
"Las Vegas, Nevada, USA"
"Las Vegas, Nevada, USA"
"Las Vegas, Nevada, USA"
"Las Vegas, Nevada, USA"
"Las Vegas, Nevada, USA"
"Las Vegas, Nevada, USA"
"Las Vegas, Nevada, USA"
"Las Vegas, Nevada, USA"
"Las Vegas, Nevada, USA"
"Las Vegas, Nevada, USA"
"Las Vegas, Nevada, USA"
"Las Vegas, Nevada, USA"
"Las Vegas, Nevada, USA"
"Las Vegas, Nevada, USA"
"Las Vegas, Nevada, USA"
"Las Vegas, Nevada, USA"
"Las Vegas, Nevada, USA"
"Las Vegas, Nevada, USA"
"Las Vegas, Nevada, USA"
"Las Vegas, Nevada, USA"
"Las Vegas, Nevada, USA"
"Las Vegas, Nevada, USA"
"Las Vegas, Nevada, USA"
"Las Vegas, Nevada, USA"
"Las Vegas, Nevada, USA"
"Las Vegas, Nevada, USA"
"Las Vegas, Nevada, USA"
"Las Vegas, Nevada, USA"
"Las Vegas, Nevada, USA"
"Las Vegas, Nevada, USA"
"Las Vegas, Nevada, USA"
"Las Vegas, Nevada, USA"
"Las Vegas, Nevada, USA"
"Las Vegas, Nevada, USA"
"Las Vegas, Nevada, USA"
"Las Vegas, Nevada, USA"
"Las Vegas, Nevada, USA"
"Las Vegas, Nevada, USA"
"Las Vegas, Nevada, USA"
"Las Vegas, Nevada, USA"
"Las Vegas, Nevada, USA"
"Las Vegas, Nevada, USA"
"Las Vegas, Nevada, USA"
"Las Vegas, Nevada, USA"
"Las Vegas, Nevada, USA"
"Las Vegas, Nevada, USA"
"Las Vegas, Nevada, USA"
"Las Vegas, Nevada, USA"
"Las Vegas, Nevada, USA"
"Las Vegas, Nevada, USA"
"Las Vegas, Nevada, USA"
"Las Vegas, Nevada, USA"
"Las Vegas, Nevada, USA"
"Las Vegas, Nevada, USA"
"Las Vegas, Nevada, USA"
"Las Vegas, Nevada, USA"
"Las Vegas, Nevada, USA"
"Las Vegas, Nevada, USA"
"Las Vegas, Nevada, USA"
"Las Vegas, Nevada, USA"
"Las Vegas, Nevada, USA"
"Las Vegas, Nevada, USA"
"Las Vegas, Nevada, USA"
"Las Vegas, Nevada, USA"
"Las Vegas, Nevada, USA"
"Las Vegas, Nevada, USA"
"Las Vegas, Nevada, USA"
"Las Vegas, Nevada, USA"
"Las Vegas, Nevada, USA"
"Las Vegas, Nevada, USA"
"Las Vegas, Nevada, USA"
"Las Vegas, Nevada, USA"
"Las Vegas, Nevada, USA"
"Las Vegas, Nevada, USA"
"Las Vegas, Nevada, USA"
"Las Vegas, Nevada, USA"
"Las Vegas, Nevada, USA"
"Las Vegas, Nevada, USA"
"Las Vegas, Nevada, USA"
"Las Vegas, Nevada, USA"
"Las Vegas, Nevada, USA"
"Las Vegas, Nevada, USA"
"Las Vegas, Nevada, USA"
"Las Vegas, Nevada, USA"
"Las Vegas, Nevada, USA"
"Las Vegas, Nevada, USA"
"Las Vegas, Nevada, USA"
"Las Vegas, Nevada, USA"
"Las Vegas, Nevada, USA"
"Las Vegas, Nevada, USA"
"Las Vegas, Nevada, USA"
"Las Vegas, Nevada, USA"
"Las Vegas, Nevada, USA"
"Las Vegas, Nevada, USA"
"Las Vegas, Nevada, USA"
"Las Vegas, Nevada, USA"
"Las Vegas, Nevada, USA"
"Las Vegas, Nevada, USA"
"Las Vegas, Nevada, USA"
"Las Vegas, Nevada, USA"
"Las Vegas, Nevada, USA"
"Las Vegas, Nevada, USA"
"Las Vegas, Nevada, USA"
"Las Vegas, Nevada, USA"
"Las Vegas, Nevada, USA"
"Las Vegas, Nevada, USA"
"Las Vegas, Nevada, USA"
"Las Vegas, Nevada, USA"
"Las Vegas, Nevada, USA"
"Las Vegas, Nevada, USA"
"Las Vegas, Nevada, USA"
"Las Vegas, Nevada, USA"
"Las Vegas, Nevada, USA"
"Las Vegas, Nevada, USA"
"Las Vegas, Nevada, USA"
"Las Vegas, Nevada, USA"
"Las Vegas, Nevada, USA"
"Las Vegas, Nevada, USA"
"Las Vegas, Nevada, USA"
"Las Vegas, Nevada, USA"
"Las Vegas, Nevada, USA"
"Las Vegas, Nevada, USA"
"Las Vegas, Nevada, USA"
"Las Vegas, Nevada, USA"
"Las Vegas, Nevada, USA"
"Las Vegas, Nevada, USA"
"Las Vegas, Nevada, USA"
"Las Vegas, Nevada, USA"
"Las Vegas, Nevada, USA"
"Las Vegas, Nevada, USA"
"Las Vegas, Nevada, USA"
"Las Vegas, Nevada, USA"
"Las Vegas, Nevada, USA"
"Las Vegas, Nevada, USA"
"Las Vegas, Nevada, USA"
"Las Vegas, Nevada, USA"
"Las Vegas, Nevada, USA"
"Las Vegas, Nevada, USA"
"Las Vegas, Nevada, USA"
"Las Vegas, Nevada, USA"
"Las Vegas, Nevada, USA"
"Las Vegas, Nevada, USA"
"Las Vegas, Nevada, USA"
"Las Vegas, Nevada, USA"
"Las Vegas, Nevada, USA"
"Las Vegas, Nevada, USA"
"Las Vegas, Nevada, USA"
"Las Vegas, Nevada, USA"
"Las Vegas, Nevada, USA"
"Las Vegas, Nevada, USA"
"Las Vegas, Nevada, USA"
"Las Vegas, Nevada, USA"
"Las Vegas, Nevada, USA"
"Las Vegas, Nevada, USA"
"Las Vegas, Nevada, USA"
"Las Vegas, Nevada, USA"
"Las Vegas, Nevada, USA"
"Las Vegas, Nevada, USA"
"Las Vegas, Nevada, USA"
"Las Vegas, Nevada, USA"
"Las Vegas, Nevada, USA"
"Las Vegas, Nevada, USA"
"Las Vegas, Nevada, USA"
"Las Vegas, Nevada, USA"
"Las Vegas, Nevada, USA"
"Las Vegas, Nevada, USA"
"Las Vegas, Nevada, USA"
"Las Vegas, Nevada, USA"
"Las Vegas, Nevada, USA"
"Las Vegas, Nevada, USA"
"Las Vegas, Nevada, USA"
"Las Vegas, Nevada, USA"
"Las Vegas, Nevada, USA"
"Las Vegas, Nevada, USA"
"Las Vegas, Nevada, USA"
"Las Vegas, Nevada, USA"
"Las Vegas, Nevada, USA"
"Las Vegas, Nevada, USA"
"Las Vegas, Nevada, USA"
"Las Vegas, Nevada, USA"
"Las Vegas, Nevada, USA"
"Las Vegas, Nevada, USA"
"Las Vegas, Nevada, USA"
"Las Vegas, Nevada, USA"
"Las Vegas, Nevada, USA"
"Las Vegas, Nevada, USA"
"Las Vegas, Nevada, USA"
"Uncasville, Connecticut, USA"
"Uncasville, Connecticut, USA"
"Uncasville, Connecticut, USA"
"Uncasville, Connecticut, USA"
"Uncasville, Connecticut, USA"
"Uncasville, Connecticut, USA"
"Uncasville, Connecticut, USA"
"Uncasville, Connecticut, USA"
"Bossier City, Louisiana, USA"
"London, England, United Kingdom"
"London, England, United Kingdom"
"London, England, United Kingdom"
"London, England, United Kingdom"
"London, England, United Kingdom"
"London, England, United Kingdom"
"London, England, United Kingdom"
"London, England, United Kingdom"
"London, England, United Kingdom"
"London, England, United Kingdom"
"London, England, United Kingdom"
"London, England, United Kingdom"
"London, England, United Kingdom"
"London, England, United Kingdom"
"London, England, United Kingdom"
"London, England, United Kingdom"
"London, England, United Kingdom"
"London, England, United Kingdom"
"London, England, United Kingdom"
"London, England, United Kingdom"
"London, England, United Kingdom"
"London, England, United Kingdom"
"London, England, United Kingdom"
"London, England, United Kingdom"
"London, England, United Kingdom"
"London, England, United Kingdom"
"London, England, United Kingdom"
"London, England, United Kingdom"
"London, England, United Kingdom"
"London, England, United Kingdom"
"London, England, United Kingdom"
"London, England, United Kingdom"
"London, England, United Kingdom"
"London, England, United Kingdom"
"London, England, United Kingdom"
"London, England, United Kingdom"
"London, England, United Kingdom"
"London, England, United Kingdom"
"London, England, United Kingdom"
"London, England, United Kingdom"
"London, England, United Kingdom"
"London, England, United Kingdom"
"London, England, United Kingdom"
"London, England, United Kingdom"
"London, England, United Kingdom"
"London, England, United Kingdom"
"London, England, United Kingdom"
"London, England, United Kingdom"
"London, England, United Kingdom"
"London, England, United Kingdom"
"London, England, United Kingdom"
"London, England, United Kingdom"
"London, England, United Kingdom"
"London, England, United Kingdom"
"London, England, United Kingdom"
"London, England, United Kingdom"
"London, England, United Kingdom"
"London, England, United Kingdom"
"London, England, United Kingdom"
"London, England, United Kingdom"
"London, England, United Kingdom"
"London, England, United Kingdom"
"London, England, United Kingdom"
"London, England, United Kingdom"
"London, England, United Kingdom"
"London, England, United Kingdom"
"London, England, United Kingdom"
"London, England, United Kingdom"
"London, England, United Kingdom"
"Miami, Florida, USA"
"Anaheim, California, USA"
"Anaheim, California, USA"
"Anaheim, California, USA"
"Anaheim, California, USA"
"Anaheim, California, USA"
"Anaheim, California, USA"
"Anaheim, California, USA"
"Anaheim, California, USA"
"Anaheim, California, USA"
"Anaheim, California, USA"
"Anaheim, California, USA"
"Anaheim, California, USA"
"Anaheim, California, USA"
"Anaheim, California, USA"
"Anaheim, California, USA"
"Anaheim, California, USA"
"Anaheim, California, USA"
"Anaheim, California, USA"
"Anaheim, California, USA"
"Anaheim, California, USA"
"Anaheim, California, USA"
"Anaheim, California, USA"
"Anaheim, California, USA"
"Anaheim, California, USA"
"Anaheim, California, USA"
"Anaheim, California, USA"
"Anaheim, California, USA"
"Anaheim, California, USA"
"Anaheim, California, USA"
"Anaheim, California, USA"
"Anaheim, California, USA"
"Anaheim, California, USA"
"Anaheim, California, USA"
"Anaheim, California, USA"
"Anaheim, California, USA"
"Anaheim, California, USA"
"Anaheim, California, USA"
"Anaheim, California, USA"
"Anaheim, California, USA"
"Anaheim, California, USA"
"Anaheim, California, USA"
"Anaheim, California, USA"
"Anaheim, California, USA"
"Anaheim, California, USA"
"Anaheim, California, USA"
"Anaheim, California, USA"
"Anaheim, California, USA"
"Anaheim, California, USA"
"Columbus, Ohio, USA"
"Columbus, Ohio, USA"
"Columbus, Ohio, USA"
"Columbus, Ohio, USA"
"Columbus, Ohio, USA"
"Columbus, Ohio, USA"
"Columbus, Ohio, USA"
"Columbus, Ohio, USA"
"Columbus, Ohio, USA"
"Columbus, Ohio, USA"
"Columbus, Ohio, USA"
"Columbus, Ohio, USA"
"Columbus, Ohio, USA"
"Columbus, Ohio, USA"
"Columbus, Ohio, USA"
"Columbus, Ohio, USA"
"Columbus, Ohio, USA"
"Columbus, Ohio, USA"
"Columbus, Ohio, USA"
"Columbus, Ohio, USA"
"Columbus, Ohio, USA"
"Houston, Texas, USA"
"Houston, Texas, USA"
"Houston, Texas, USA"
"Houston, Texas, USA"
"Houston, Texas, USA"
"Houston, Texas, USA"
"Houston, Texas, USA"
"Houston, Texas, USA"
"Houston, Texas, USA"
"Houston, Texas, USA"
"Houston, Texas, USA"
"Houston, Texas, USA"
"Houston, Texas, USA"
"Houston, Texas, USA"
"Houston, Texas, USA"
"Houston, Texas, USA"
"Houston, Texas, USA"
"Houston, Texas, USA"
"Houston, Texas, USA"
"Houston, Texas, USA"
"Houston, Texas, USA"
"Houston, Texas, USA"
"Houston, Texas, USA"
"Houston, Texas, USA"
"Houston, Texas, USA"
"Houston, Texas, USA"
"Houston, Texas, USA"
"Houston, Texas, USA"
"Houston, Texas, USA"
"Houston, Texas, USA"
"Houston, Texas, USA"
"Houston, Texas, USA"
"Houston, Texas, USA"
"Houston, Texas, USA"
"Houston, Texas, USA"
"Houston, Texas, USA"
"Houston, Texas, USA"
"Houston, Texas, USA"
"Houston, Texas, USA"
"Houston, Texas, USA"
"Houston, Texas, USA"
"Houston, Texas, USA"
"Houston, Texas, USA"
"Houston, Texas, USA"
"Houston, Texas, USA"
"Houston, Texas, USA"
"Manchester, England, United Kingdom"
"Manchester, England, United Kingdom"
"Manchester, England, United Kingdom"
"Manchester, England, United Kingdom"
"Manchester, England, United Kingdom"
"Manchester, England, United Kingdom"
"Manchester, England, United Kingdom"
"Manchester, England, United Kingdom"
"Manchester, England, United Kingdom"
"Manchester, England, United Kingdom"
"Manchester, England, United Kingdom"
"Manchester, England, United Kingdom"
"Manchester, England, United Kingdom"
"Manchester, England, United Kingdom"
"Manchester, England, United Kingdom"
"Manchester, England, United Kingdom"
"Manchester, England, United Kingdom"
"Manchester, England, United Kingdom"
"Manchester, England, United Kingdom"
"Manchester, England, United Kingdom"
"Manchester, England, United Kingdom"
"Manchester, England, United Kingdom"
"Manchester, England, United Kingdom"
"Manchester, England, United Kingdom"
"Manchester, England, United Kingdom"
"Manchester, England, United Kingdom"
"Manchester, England, United Kingdom"
"Manchester, England, United Kingdom"
"Cincinnati, Ohio, USA"
"Cincinnati, Ohio, USA"
"Cincinnati, Ohio, USA"
"Cincinnati, Ohio, USA"
"Cincinnati, Ohio, USA"
"Cincinnati, Ohio, USA"
"Cincinnati, Ohio, USA"
"Cincinnati, Ohio, USA"
"Cincinnati, Ohio, USA"
"Cincinnati, Ohio, USA"
"Cincinnati, Ohio, USA"
"Cincinnati, Ohio, USA"
"Cincinnati, Ohio, USA"
"Cincinnati, Ohio, USA"
"Cincinnati, Ohio, USA"
"Cincinnati, Ohio, USA"
"Cincinnati, Ohio, USA"
"Cincinnati, Ohio, USA"
"Cincinnati, Ohio, USA"
"Newark, New Jersey, USA"
"Newark, New Jersey, USA"
"Newark, New Jersey, USA"
"Newark, New Jersey, USA"
"Newark, New Jersey, USA"
"Newark, New Jersey, USA"
"Newark, New Jersey, USA"
"Newark, New Jersey, USA"
"Newark, New Jersey, USA"
"Newark, New Jersey, USA"
"Newark, New Jersey, USA"
"Newark, New Jersey, USA"
"Newark, New Jersey, USA"
"Newark, New Jersey, USA"
"Newark, New Jersey, USA"
"Newark, New Jersey, USA"
"Newark, New Jersey, USA"
"Newark, New Jersey, USA"
"Newark, New Jersey, USA"
"Newark, New Jersey, USA"
"Newark, New Jersey, USA"
"Newark, New Jersey, USA"
"Newark, New Jersey, USA"
"Newark, New Jersey, USA"
"Newark, New Jersey, USA"
"Newark, New Jersey, USA"
"Newark, New Jersey, USA"
"Newark, New Jersey, USA"
"Newark, New Jersey, USA"
"Newark, New Jersey, USA"
"Newark, New Jersey, USA"
"Newark, New Jersey, USA"
"Newark, New Jersey, USA"
"Newark, New Jersey, USA"
"Newark, New Jersey, USA"
"Newark, New Jersey, USA"
"Newark, New Jersey, USA"
"Newark, New Jersey, USA"
"Newark, New Jersey, USA"
"Newark, New Jersey, USA"
"Newark, New Jersey, USA"
"Newark, New Jersey, USA"
"Newark, New Jersey, USA"
"Newark, New Jersey, USA"
"Newark, New Jersey, USA"
"Newark, New Jersey, USA"
"Newark, New Jersey, USA"
"Newark, New Jersey, USA"
"Newark, New Jersey, USA"
"Newark, New Jersey, USA"
"Newark, New Jersey, USA"
"Newark, New Jersey, USA"
"Newark, New Jersey, USA"
"Newark, New Jersey, USA"
"Newark, New Jersey, USA"
"Newark, New Jersey, USA"
"Newark, New Jersey, USA"
"Newark, New Jersey, USA"
"Newark, New Jersey, USA"
"Newark, New Jersey, USA"
"Newark, New Jersey, USA"
"Newark, New Jersey, USA"
"Broomfield, Colorado, USA"
"Broomfield, Colorado, USA"
"Broomfield, Colorado, USA"
"Broomfield, Colorado, USA"
"Broomfield, Colorado, USA"
"Broomfield, Colorado, USA"
"Broomfield, Colorado, USA"
"Broomfield, Colorado, USA"
"Broomfield, Colorado, USA"
"Broomfield, Colorado, USA"
"Broomfield, Colorado, USA"
"Broomfield, Colorado, USA"
"Broomfield, Colorado, USA"
"Broomfield, Colorado, USA"
"Broomfield, Colorado, USA"
"Broomfield, Colorado, USA"
"Broomfield, Colorado, USA"
"Broomfield, Colorado, USA"
"Broomfield, Colorado, USA"
"Broomfield, Colorado, USA"
"Broomfield, Colorado, USA"
"Broomfield, Colorado, USA"
"Montreal, Quebec, Canada"
"Montreal, Quebec, Canada"
"Montreal, Quebec, Canada"
"Montreal, Quebec, Canada"
"Montreal, Quebec, Canada"
"Montreal, Quebec, Canada"
"Montreal, Quebec, Canada"
"Montreal, Quebec, Canada"
"Montreal, Quebec, Canada"
"Montreal, Quebec, Canada"
"Montreal, Quebec, Canada"
"Montreal, Quebec, Canada"
"Montreal, Quebec, Canada"
"Montreal, Quebec, Canada"
"Montreal, Quebec, Canada"
"Montreal, Quebec, Canada"
"Montreal, Quebec, Canada"
"Montreal, Quebec, Canada"
"Montreal, Quebec, Canada"
"Montreal, Quebec, Canada"
"Montreal, Quebec, Canada"
"Montreal, Quebec, Canada"
"Montreal, Quebec, Canada"
"Montreal, Quebec, Canada"
"Montreal, Quebec, Canada"
"Montreal, Quebec, Canada"
"Montreal, Quebec, Canada"
"Montreal, Quebec, Canada"
"Montreal, Quebec, Canada"
"Montreal, Quebec, Canada"
"Montreal, Quebec, Canada"
"Montreal, Quebec, Canada"
"Montreal, Quebec, Canada"
"Montreal, Quebec, Canada"
"Montreal, Quebec, Canada"
"Montreal, Quebec, Canada"
"Montreal, Quebec, Canada"
"Montreal, Quebec, Canada"
"Montreal, Quebec, Canada"
"Montreal, Quebec, Canada"
"Montreal, Quebec, Canada"
"Montreal, Quebec, Canada"
"Montreal, Quebec, Canada"
"Montreal, Quebec, Canada"
"Montreal, Quebec, Canada"
"Montreal, Quebec, Canada"
"Montreal, Quebec, Canada"
"Montreal, Quebec, Canada"
"Montreal, Quebec, Canada"
"Montreal, Quebec, Canada"
"Montreal, Quebec, Canada"
"Montreal, Quebec, Canada"
"Montreal, Quebec, Canada"
"Montreal, Quebec, Canada"
"Montreal, Quebec, Canada"
"Montreal, Quebec, Canada"
"Montreal, Quebec, Canada"
"Montreal, Quebec, Canada"
"Montreal, Quebec, Canada"
"Montreal, Quebec, Canada"
"Montreal, Quebec, Canada"
"Montreal, Quebec, Canada"
"Montreal, Quebec, Canada"
"Minneapolis, Minnesota, USA"
"Minneapolis, Minnesota, USA"
"Minneapolis, Minnesota, USA"
"Minneapolis, Minnesota, USA"
"Minneapolis, Minnesota, USA"
"Minneapolis, Minnesota, USA"
"Minneapolis, Minnesota, USA"
"Minneapolis, Minnesota, USA"
"Minneapolis, Minnesota, USA"
"Minneapolis, Minnesota, USA"
"Minneapolis, Minnesota, USA"
"Minneapolis, Minnesota, USA"
"Minneapolis, Minnesota, USA"
"Minneapolis, Minnesota, USA"
"Minneapolis, Minnesota, USA"
"Minneapolis, Minnesota, USA"
"Minneapolis, Minnesota, USA"
"Minneapolis, Minnesota, USA"
"Minneapolis, Minnesota, USA"
"Minneapolis, Minnesota, USA"
"Minneapolis, Minnesota, USA"
"Minneapolis, Minnesota, USA"
"Minneapolis, Minnesota, USA"
"Minneapolis, Minnesota, USA"
"Minneapolis, Minnesota, USA"
"Atlanta, Georgia, USA"
"Atlanta, Georgia, USA"
"Atlanta, Georgia, USA"
"Atlanta, Georgia, USA"
"Atlanta, Georgia, USA"
"Atlanta, Georgia, USA"
"Atlanta, Georgia, USA"
"Atlanta, Georgia, USA"
"Atlanta, Georgia, USA"
"Atlanta, Georgia, USA"
"Atlanta, Georgia, USA"
"Atlanta, Georgia, USA"
"Atlanta, Georgia, USA"
"Atlanta, Georgia, USA"
"Atlanta, Georgia, USA"
"Atlanta, Georgia, USA"
"Atlanta, Georgia, USA"
"Atlanta, Georgia, USA"
"Atlanta, Georgia, USA"
"Atlanta, Georgia, USA"
"Atlanta, Georgia, USA"
"Atlanta, Georgia, USA"
"Atlanta, Georgia, USA"
"Atlanta, Georgia, USA"
"Atlanta, Georgia, USA"
"Atlanta, Georgia, USA"
"Atlanta, Georgia, USA"
"Atlanta, Georgia, USA"
"Atlanta, Georgia, USA"
"Atlanta, Georgia, USA"
"Atlanta, Georgia, USA"
"Atlanta, Georgia, USA"
"Omaha, Nebraska, USA"
"Omaha, Nebraska, USA"
"Omaha, Nebraska, USA"
"Omaha, Nebraska, USA"
"Omaha, Nebraska, USA"
"Omaha, Nebraska, USA"
"Omaha, Nebraska, USA"
"Omaha, Nebraska, USA"
"Omaha, Nebraska, USA"
"Omaha, Nebraska, USA"
"Omaha, Nebraska, USA"
"Omaha, Nebraska, USA"
"Birmingham, England, United Kingdom"
"Birmingham, England, United Kingdom"
"Birmingham, England, United Kingdom"
"Birmingham, England, United Kingdom"
"Birmingham, England, United Kingdom"
"Birmingham, England, United Kingdom"
"Birmingham, England, United Kingdom"
"Birmingham, England, United Kingdom"
"Birmingham, England, United Kingdom"
"Rosemont, Illinois, USA"
"Rosemont, Illinois, USA"
"Rosemont, Illinois, USA"
"Rosemont, Illinois, USA"
"Rosemont, Illinois, USA"
"Rosemont, Illinois, USA"
"Rosemont, Illinois, USA"
"Rosemont, Illinois, USA"
"Fayetteville, North Carolina, USA"
"Fayetteville, North Carolina, USA"
"Fayetteville, North Carolina, USA"
"Fayetteville, North Carolina, USA"
"Fayetteville, North Carolina, USA"
"Dublin, Leinster, Ireland"
"Dublin, Leinster, Ireland"
"Dublin, Leinster, Ireland"
"Dublin, Leinster, Ireland"
"Dublin, Leinster, Ireland"
"Dublin, Leinster, Ireland"
"Dublin, Leinster, Ireland"
"Dublin, Leinster, Ireland"
"Dublin, Leinster, Ireland"
"Dublin, Leinster, Ireland"
"Dublin, Leinster, Ireland"
"Dublin, Leinster, Ireland"
"Dublin, Leinster, Ireland"
"Dublin, Leinster, Ireland"
"Dublin, Leinster, Ireland"
"Dublin, Leinster, Ireland"
"Dublin, Leinster, Ireland"
"Dublin, Leinster, Ireland"
"Dublin, Leinster, Ireland"
"Tampa, Florida, USA"
"Tampa, Florida, USA"
"Tampa, Florida, USA"
"Tampa, Florida, USA"
"Tampa, Florida, USA"
"Tampa, Florida, USA"
"Tampa, Florida, USA"
"Tampa, Florida, USA"
"Tampa, Florida, USA"
"Tampa, Florida, USA"
"Tampa, Florida, USA"
"Tampa, Florida, USA"
"Tampa, Florida, USA"
"Tampa, Florida, USA"
"Tampa, Florida, USA"
"Tampa, Florida, USA"
"Tampa, Florida, USA"
"Tampa, Florida, USA"
"Tampa, Florida, USA"
"Tampa, Florida, USA"
"Tampa, Florida, USA"
"Tampa, Florida, USA"
"Tampa, Florida, USA"
"Cologne, North Rhine-Westphalia, Germany"
"Cologne, North Rhine-Westphalia, Germany"
"Cologne, North Rhine-Westphalia, Germany"
"Cologne, North Rhine-Westphalia, Germany"
"Cologne, North Rhine-Westphalia, Germany"
"Cologne, North Rhine-Westphalia, Germany"
"Cologne, North Rhine-Westphalia, Germany"
"Cologne, North Rhine-Westphalia, Germany"
"Philadelphia, Pennsylvania, USA"
"Philadelphia, Pennsylvania, USA"
"Philadelphia, Pennsylvania, USA"
"Philadelphia, Pennsylvania, USA"
"Philadelphia, Pennsylvania, USA"
"Philadelphia, Pennsylvania, USA"
"Philadelphia, Pennsylvania, USA"
"Philadelphia, Pennsylvania, USA"
"Philadelphia, Pennsylvania, USA"
"Philadelphia, Pennsylvania, USA"
"Philadelphia, Pennsylvania, USA"
"Philadelphia, Pennsylvania, USA"
"Philadelphia, Pennsylvania, USA"
"Philadelphia, Pennsylvania, USA"
"Philadelphia, Pennsylvania, USA"
"Philadelphia, Pennsylvania, USA"
"Philadelphia, Pennsylvania, USA"
"Philadelphia, Pennsylvania, USA"
"Philadelphia, Pennsylvania, USA"
"Philadelphia, Pennsylvania, USA"
"Philadelphia, Pennsylvania, USA"
"Philadelphia, Pennsylvania, USA"
"Philadelphia, Pennsylvania, USA"
"Philadelphia, Pennsylvania, USA"
"Philadelphia, Pennsylvania, USA"
"Portland, Oregon, USA"
"Portland, Oregon, USA"
"Portland, Oregon, USA"
"Portland, Oregon, USA"
"Portland, Oregon, USA"
"Portland, Oregon, USA"
"Portland, Oregon, USA"
"Portland, Oregon, USA"
"Portland, Oregon, USA"
"Portland, Oregon, USA"
"Portland, Oregon, USA"
"Portland, Oregon, USA"
"Portland, Oregon, USA"
"Portland, Oregon, USA"
"Portland, Oregon, USA"
"Oklahoma City, Oklahoma, USA"
"Oklahoma City, Oklahoma, USA"
"Oklahoma City, Oklahoma, USA"
"Oklahoma City, Oklahoma, USA"
"Oklahoma City, Oklahoma, USA"
"Oklahoma City, Oklahoma, USA"
"Oklahoma City, Oklahoma, USA"
"Oklahoma City, Oklahoma, USA"
"Oklahoma City, Oklahoma, USA"
"Oklahoma City, Oklahoma, USA"
"Oklahoma City, Oklahoma, USA"
"Oklahoma City, Oklahoma, USA"
"Oklahoma City, Oklahoma, USA"
"Oklahoma City, Oklahoma, USA"
"Dallas, Texas, USA"
"Dallas, Texas, USA"
"Dallas, Texas, USA"
"Dallas, Texas, USA"
"Dallas, Texas, USA"
"Dallas, Texas, USA"
"Dallas, Texas, USA"
"Dallas, Texas, USA"
"Dallas, Texas, USA"
"Dallas, Texas, USA"
"Dallas, Texas, USA"
"Dallas, Texas, USA"
"Dallas, Texas, USA"
"Dallas, Texas, USA"
"Dallas, Texas, USA"
"Dallas, Texas, USA"
"Dallas, Texas, USA"
"Dallas, Texas, USA"
"Dallas, Texas, USA"
"Dallas, Texas, USA"
"Dallas, Texas, USA"
"Dallas, Texas, USA"
"Dallas, Texas, USA"
"Dallas, Texas, USA"
"Dallas, Texas, USA"
"Dallas, Texas, USA"
"Dallas, Texas, USA"
"Dallas, Texas, USA"
"Dallas, Texas, USA"
"Dallas, Texas, USA"
"Dallas, Texas, USA"
"Dallas, Texas, USA"
"Dallas, Texas, USA"
"Dallas, Texas, USA"
"Dallas, Texas, USA"
"Dallas, Texas, USA"
"Dallas, Texas, USA"
"Dallas, Texas, USA"
"Dallas, Texas, USA"
"Dallas, Texas, USA"
"Memphis, Tennessee, USA"
"Memphis, Tennessee, USA"
"Memphis, Tennessee, USA"
"Memphis, Tennessee, USA"
"Memphis, Tennessee, USA"
"Memphis, Tennessee, USA"
"Memphis, Tennessee, USA"
"Memphis, Tennessee, USA"
"Fairfax, Virginia, USA"
"Fairfax, Virginia, USA"
"Fairfax, Virginia, USA"
"Fairfax, Virginia, USA"
"Fairfax, Virginia, USA"
"Fairfax, Virginia, USA"
"Fairfax, Virginia, USA"
"Fairfax, Virginia, USA"
"Fairfax, Virginia, USA"
"Fairfax, Virginia, USA"
"Fairfax, Virginia, USA"
"Fairfax, Virginia, USA"
"Fairfax, Virginia, USA"
"Fairfax, Virginia, USA"
"Fairfax, Virginia, USA"
"Fairfax, Virginia, USA"
"Fairfax, Virginia, USA"
"Fairfax, Virginia, USA"
"Fairfax, Virginia, USA"
"Fairfax, Virginia, USA"
"Fairfax, Virginia, USA"
"Fairfax, Virginia, USA"
"Fairfax, Virginia, USA"
"Fairfax, Virginia, USA"
"Sydney, New South Wales, Australia"
"Sydney, New South Wales, Australia"
"Sydney, New South Wales, Australia"
"Sydney, New South Wales, Australia"
"Sydney, New South Wales, Australia"
"Sydney, New South Wales, Australia"
"Sydney, New South Wales, Australia"
"Sydney, New South Wales, Australia"
"Sydney, New South Wales, Australia"
"Sydney, New South Wales, Australia"
"Sydney, New South Wales, Australia"
"Sydney, New South Wales, Australia"
"Sydney, New South Wales, Australia"
"Sydney, New South Wales, Australia"
"Sydney, New South Wales, Australia"
"Sydney, New South Wales, Australia"
"Sydney, New South Wales, Australia"
"Sydney, New South Wales, Australia"
"Sydney, New South Wales, Australia"
"Sydney, New South Wales, Australia"
"Sydney, New South Wales, Australia"
"Sydney, New South Wales, Australia"
"Sydney, New South Wales, Australia"
"Sydney, New South Wales, Australia"
"Sydney, New South Wales, Australia"
"Sydney, New South Wales, Australia"
"Sydney, New South Wales, Australia"
"Sydney, New South Wales, Australia"
"Sydney, New South Wales, Australia"
"Sydney, New South Wales, Australia"
"Sydney, New South Wales, Australia"
"Sydney, New South Wales, Australia"
"Sydney, New South Wales, Australia"
"Sydney, New South Wales, Australia"
"Sydney, New South Wales, Australia"
"Sydney, New South Wales, Australia"
"Sydney, New South Wales, Australia"
"Charlotte, North Carolina, USA"
"Charlotte, North Carolina, USA"
"Charlotte, North Carolina, USA"
"Charlotte, North Carolina, USA"
"Charlotte, North Carolina, USA"
"Charlotte, North Carolina, USA"
"Charlotte, North Carolina, USA"
"Charlotte, North Carolina, USA"
"Charlotte, North Carolina, USA"
"Charlotte, North Carolina, USA"
"Charlotte, North Carolina, USA"
"Charlotte, North Carolina, USA"
"Charlotte, North Carolina, USA"
"Abu Dhabi, United Arab Emirates"
"Abu Dhabi, United Arab Emirates"
"Abu Dhabi, United Arab Emirates"
"Abu Dhabi, United Arab Emirates"
"Abu Dhabi, United Arab Emirates"
"Abu Dhabi, United Arab Emirates"
"Abu Dhabi, United Arab Emirates"
"Abu Dhabi, United Arab Emirates"
"Abu Dhabi, United Arab Emirates"
"Abu Dhabi, United Arab Emirates"
"Abu Dhabi, United Arab Emirates"
"Abu Dhabi, United Arab Emirates"
"Abu Dhabi, United Arab Emirates"
"Abu Dhabi, United Arab Emirates"
"Oakland, California, USA"
"Oakland, California, USA"
"Oakland, California, USA"
"Oakland, California, USA"
"Oakland, California, USA"
"Oakland, California, USA"
"Oakland, California, USA"
"Oakland, California, USA"
"Oakland, California, USA"
"Oberhausen, North Rhine-Westphalia, Germany"
"Oberhausen, North Rhine-Westphalia, Germany"
"Oberhausen, North Rhine-Westphalia, Germany"
"Oberhausen, North Rhine-Westphalia, Germany"
"Oberhausen, North Rhine-Westphalia, Germany"
"Oberhausen, North Rhine-Westphalia, Germany"
"Oberhausen, North Rhine-Westphalia, Germany"
"Auburn Hills, Michigan, USA"
"Auburn Hills, Michigan, USA"
"Auburn Hills, Michigan, USA"
"Auburn Hills, Michigan, USA"
"Auburn Hills, Michigan, USA"
"Auburn Hills, Michigan, USA"
"Auburn Hills, Michigan, USA"
"Auburn Hills, Michigan, USA"
"Killeen, Texas, USA"
"Killeen, Texas, USA"
"Killeen, Texas, USA"
"Killeen, Texas, USA"
"Killeen, Texas, USA"
"Killeen, Texas, USA"
"Killeen, Texas, USA"
"Seattle, Washington, USA"
"Seattle, Washington, USA"
"Seattle, Washington, USA"
"Seattle, Washington, USA"
"Seattle, Washington, USA"
"Seattle, Washington, USA"
"Seattle, Washington, USA"
"Seattle, Washington, USA"
"Seattle, Washington, USA"
"Seattle, Washington, USA"
"Seattle, Washington, USA"
"Seattle, Washington, USA"
"Seattle, Washington, USA"
"Seattle, Washington, USA"
"Seattle, Washington, USA"
"Seattle, Washington, USA"
"Seattle, Washington, USA"
"Seattle, Washington, USA"
"Seattle, Washington, USA"
"Seattle, Washington, USA"
"Seattle, Washington, USA"
"Seattle, Washington, USA"
"Seattle, Washington, USA"
"Seattle, Washington, USA"
"Seattle, Washington, USA"
"Toronto, Ontario, Canada"
"Toronto, Ontario, Canada"
"Toronto, Ontario, Canada"
"Toronto, Ontario, Canada"
"Toronto, Ontario, Canada"
"Toronto, Ontario, Canada"
"Toronto, Ontario, Canada"
"Toronto, Ontario, Canada"
"Toronto, Ontario, Canada"
"Toronto, Ontario, Canada"
"Toronto, Ontario, Canada"
"Toronto, Ontario, Canada"
"Toronto, Ontario, Canada"
"Toronto, Ontario, Canada"
"Toronto, Ontario, Canada"
"Toronto, Ontario, Canada"
"Toronto, Ontario, Canada"
"Toronto, Ontario, Canada"
"Toronto, Ontario, Canada"
"Toronto, Ontario, Canada"
"Toronto, Ontario, Canada"
"Toronto, Ontario, Canada"
"Toronto, Ontario, Canada"
"Toronto, Ontario, Canada"
"Toronto, Ontario, Canada"
"Toronto, Ontario, Canada"
"Toronto, Ontario, Canada"
"Toronto, Ontario, Canada"
"Toronto, Ontario, Canada"
"Toronto, Ontario, Canada"
"Toronto, Ontario, Canada"
"Toronto, Ontario, Canada"
"Toronto, Ontario, Canada"
"Toronto, Ontario, Canada"
"Toronto, Ontario, Canada"
"Toronto, Ontario, Canada"
"Toronto, Ontario, Canada"
"Toronto, Ontario, Canada"
"Toronto, Ontario, Canada"
"Toronto, Ontario, Canada"
"Toronto, Ontario, Canada"
"Toronto, Ontario, Canada"
"Toronto, Ontario, Canada"
"Toronto, Ontario, Canada"
"Toronto, Ontario, Canada"
"Toronto, Ontario, Canada"
"Toronto, Ontario, Canada"
"Toronto, Ontario, Canada"
"Toronto, Ontario, Canada"
"Toronto, Ontario, Canada"
"Toronto, Ontario, Canada"
"Toronto, Ontario, Canada"
"Toronto, Ontario, Canada"
"Toronto, Ontario, Canada"
"Toronto, Ontario, Canada"
"Toronto, Ontario, Canada"
"Toronto, Ontario, Canada"
"Pittsburgh, Pennsylvania, USA"
"Pittsburgh, Pennsylvania, USA"
"Pittsburgh, Pennsylvania, USA"
"Pittsburgh, Pennsylvania, USA"
"Pittsburgh, Pennsylvania, USA"
"Pittsburgh, Pennsylvania, USA"
"Pittsburgh, Pennsylvania, USA"
"Pittsburgh, Pennsylvania, USA"
"Pittsburgh, Pennsylvania, USA"
"Pittsburgh, Pennsylvania, USA"
"Pittsburgh, Pennsylvania, USA"
"Pittsburgh, Pennsylvania, USA"
"Pittsburgh, Pennsylvania, USA"
"Pittsburgh, Pennsylvania, USA"
"Pittsburgh, Pennsylvania, USA"
"Pittsburgh, Pennsylvania, USA"
"Pittsburgh, Pennsylvania, USA"
"Pittsburgh, Pennsylvania, USA"
"Pittsburgh, Pennsylvania, USA"
"Pittsburgh, Pennsylvania, USA"
"Pittsburgh, Pennsylvania, USA"
"Pittsburgh, Pennsylvania, USA"
"Pittsburgh, Pennsylvania, USA"
"Milwaukee, Wisconsin, USA"
"Milwaukee, Wisconsin, USA"
"Milwaukee, Wisconsin, USA"
"Milwaukee, Wisconsin, USA"
"Milwaukee, Wisconsin, USA"
"Milwaukee, Wisconsin, USA"
"Milwaukee, Wisconsin, USA"
"Milwaukee, Wisconsin, USA"
"Milwaukee, Wisconsin, USA"
"Milwaukee, Wisconsin, USA"
"Milwaukee, Wisconsin, USA"
"Milwaukee, Wisconsin, USA"
"Milwaukee, Wisconsin, USA"
"Milwaukee, Wisconsin, USA"
"Milwaukee, Wisconsin, USA"
"Milwaukee, Wisconsin, USA"
"Milwaukee, Wisconsin, USA"
"Milwaukee, Wisconsin, USA"
"Milwaukee, Wisconsin, USA"
"Milwaukee, Wisconsin, USA"
"Milwaukee, Wisconsin, USA"
"Milwaukee, Wisconsin, USA"
"Milwaukee, Wisconsin, USA"
"Milwaukee, Wisconsin, USA"
"Milwaukee, Wisconsin, USA"
"Milwaukee, Wisconsin, USA"
"Milwaukee, Wisconsin, USA"
"Rio de Janeiro, Brazil"
"Rio de Janeiro, Brazil"
"Rio de Janeiro, Brazil"
"Rio de Janeiro, Brazil"
"Rio de Janeiro, Brazil"
"Rio de Janeiro, Brazil"
"Rio de Janeiro, Brazil"
"Rio de Janeiro, Brazil"
"Rio de Janeiro, Brazil"
"Rio de Janeiro, Brazil"
"Rio de Janeiro, Brazil"
"Rio de Janeiro, Brazil"
"Rio de Janeiro, Brazil"
"Rio de Janeiro, Brazil"
"Rio de Janeiro, Brazil"
"Rio de Janeiro, Brazil"
"Rio de Janeiro, Brazil"
"Rio de Janeiro, Brazil"
"Rio de Janeiro, Brazil"
"Rio de Janeiro, Brazil"
"Rio de Janeiro, Brazil"
"Rio de Janeiro, Brazil"
"Rio de Janeiro, Brazil"
"Rio de Janeiro, Brazil"
"Rio de Janeiro, Brazil"
"Rio de Janeiro, Brazil"
"Rio de Janeiro, Brazil"
"Rio de Janeiro, Brazil"
"Rio de Janeiro, Brazil"
"Rio de Janeiro, Brazil"
"Rio de Janeiro, Brazil"
"Rio de Janeiro, Brazil"
"Rio de Janeiro, Brazil"
"Rio de Janeiro, Brazil"
"Rio de Janeiro, Brazil"
"Rio de Janeiro, Brazil"
"Rio de Janeiro, Brazil"
"Rio de Janeiro, Brazil"
"Rio de Janeiro, Brazil"
"Rio de Janeiro, Brazil"
"Rio de Janeiro, Brazil"
"Rio de Janeiro, Brazil"
"Rio de Janeiro, Brazil"
"Rio de Janeiro, Brazil"
"Rio de Janeiro, Brazil"
"Rio de Janeiro, Brazil"
"Rio de Janeiro, Brazil"
"Rio de Janeiro, Brazil"
"Rio de Janeiro, Brazil"
"New Orleans, Louisiana, USA"
"New Orleans, Louisiana, USA"
"New Orleans, Louisiana, USA"
"New Orleans, Louisiana, USA"
"New Orleans, Louisiana, USA"
"New Orleans, Louisiana, USA"
"New Orleans, Louisiana, USA"
"New Orleans, Louisiana, USA"
"New Orleans, Louisiana, USA"
"New Orleans, Louisiana, USA"
"New Orleans, Louisiana, USA"
"New Orleans, Louisiana, USA"
"New Orleans, Louisiana, USA"
"New Orleans, Louisiana, USA"
"New Orleans, Louisiana, USA"
"New Orleans, Louisiana, USA"
"Denver, Colorado, USA"
"Denver, Colorado, USA"
"Denver, Colorado, USA"
"Denver, Colorado, USA"
"Denver, Colorado, USA"
"Denver, Colorado, USA"
"Denver, Colorado, USA"
"Denver, Colorado, USA"
"Denver, Colorado, USA"
"Denver, Colorado, USA"
"Denver, Colorado, USA"
"Denver, Colorado, USA"
"Denver, Colorado, USA"
"Denver, Colorado, USA"
"Denver, Colorado, USA"
"Denver, Colorado, USA"
"Denver, Colorado, USA"
"Denver, Colorado, USA"
"Denver, Colorado, USA"
"Denver, Colorado, USA"
"Denver, Colorado, USA"
"Denver, Colorado, USA"
"Denver, Colorado, USA"
"Denver, Colorado, USA"
"Denver, Colorado, USA"
"Washington, DC, USA"
"Washington, DC, USA"
"Washington, DC, USA"
"Washington, DC, USA"
"Washington, DC, USA"
"Washington, DC, USA"
"Washington, DC, USA"
"Washington, DC, USA"
"San Jose, California, USA"
"San Jose, California, USA"
"San Jose, California, USA"
"San Jose, California, USA"
"San Jose, California, USA"
"San Jose, California, USA"
"San Jose, California, USA"
"San Jose, California, USA"
"San Jose, California, USA"
"San Jose, California, USA"
"San Jose, California, USA"
"San Jose, California, USA"
"San Jose, California, USA"
"San Jose, California, USA"
"San Jose, California, USA"
"San Jose, California, USA"
"San Jose, California, USA"
"San Jose, California, USA"
"San Jose, California, USA"
"San Jose, California, USA"
"San Jose, California, USA"
"San Jose, California, USA"
"San Jose, California, USA"
"San Jose, California, USA"
"San Jose, California, USA"
"San Jose, California, USA"
"San Jose, California, USA"
"San Jose, California, USA"
"San Jose, California, USA"
"San Jose, California, USA"
"San Jose, California, USA"
"San Jose, California, USA"
"San Jose, California, USA"
"Chicago, Illinois, USA"
"Chicago, Illinois, USA"
"Chicago, Illinois, USA"
"Chicago, Illinois, USA"
"Chicago, Illinois, USA"
"Chicago, Illinois, USA"
"Chicago, Illinois, USA"
"Chicago, Illinois, USA"
"Chicago, Illinois, USA"
"Chicago, Illinois, USA"
"Chicago, Illinois, USA"
"Chicago, Illinois, USA"
"Chicago, Illinois, USA"
"Chicago, Illinois, USA"
"Chicago, Illinois, USA"
"Chicago, Illinois, USA"
"Chicago, Illinois, USA"
"Chicago, Illinois, USA"
"Chicago, Illinois, USA"
"Chicago, Illinois, USA"
"Chicago, Illinois, USA"
"Chicago, Illinois, USA"
"Chicago, Illinois, USA"
"Chicago, Illinois, USA"
"Chicago, Illinois, USA"
"Chicago, Illinois, USA"
"Chicago, Illinois, USA"
"Chicago, Illinois, USA"
"Chicago, Illinois, USA"
"Chicago, Illinois, USA"
"Chicago, Illinois, USA"
"Chicago, Illinois, USA"
"Chicago, Illinois, USA"
"Chicago, Illinois, USA"
"Chicago, Illinois, USA"
"Chicago, Illinois, USA"
"Chicago, Illinois, USA"
"Chicago, Illinois, USA"
"Chicago, Illinois, USA"
"Chicago, Illinois, USA"
"Chicago, Illinois, USA"
"Chicago, Illinois, USA"
"Chicago, Illinois, USA"
"Chicago, Illinois, USA"
"Chicago, Illinois, USA"
"Chicago, Illinois, USA"
"Chicago, Illinois, USA"
"Chicago, Illinois, USA"
"Chicago, Illinois, USA"
"Chicago, Illinois, USA"
"Chicago, Illinois, USA"
"Chicago, Illinois, USA"
"Chicago, Illinois, USA"
"Chicago, Illinois, USA"
"Chicago, Illinois, USA"
"Chicago, Illinois, USA"
"Saitama, Japan"
"Saitama, Japan"
"Saitama, Japan"
"Saitama, Japan"
"Saitama, Japan"
"Saitama, Japan"
"Saitama, Japan"
"Saitama, Japan"
"Saitama, Japan"
"Saitama, Japan"
"Saitama, Japan"
"Saitama, Japan"
"Saitama, Japan"
"Saitama, Japan"
"Saitama, Japan"
"Saitama, Japan"
"Saitama, Japan"
"Saitama, Japan"
"Saitama, Japan"
"Saitama, Japan"
"Saitama, Japan"
"Saitama, Japan"
"Saitama, Japan"
"Saitama, Japan"
"Saitama, Japan"
"Saitama, Japan"
"Saitama, Japan"
"Saitama, Japan"
"Saitama, Japan"
"Saitama, Japan"
"Saitama, Japan"
"Saitama, Japan"
"Stockholm, Sweden"
"Stockholm, Sweden"
"Stockholm, Sweden"
"Stockholm, Sweden"
"Stockholm, Sweden"
"Stockholm, Sweden"
"Stockholm, Sweden"
"Stockholm, Sweden"
"Stockholm, Sweden"
"Stockholm, Sweden"
"Stockholm, Sweden"
"Stockholm, Sweden"
"Stockholm, Sweden"
"Stockholm, Sweden"
"Stockholm, Sweden"
"Stockholm, Sweden"
"Stockholm, Sweden"
"Stockholm, Sweden"
"Stockholm, Sweden"
"Stockholm, Sweden"
"Stockholm, Sweden"
"Stockholm, Sweden"
"Stockholm, Sweden"
"Stockholm, Sweden"
"Stockholm, Sweden"
"Stockholm, Sweden"
"Stockholm, Sweden"
"Stockholm, Sweden"
"Stockholm, Sweden"
"Stockholm, Sweden"
"Stockholm, Sweden"
"Stockholm, Sweden"
"Stockholm, Sweden"
"Stockholm, Sweden"
"Stockholm, Sweden"
"Stockholm, Sweden"
"Stockholm, Sweden"
"Stockholm, Sweden"
"Stockholm, Sweden"
"Stockholm, Sweden"
"Stockholm, Sweden"
"Stockholm, Sweden"
"Stockholm, Sweden"
"Sunrise, Florida, USA"
"Sunrise, Florida, USA"
"Sunrise, Florida, USA"
"Sunrise, Florida, USA"
"Sunrise, Florida, USA"
"Sunrise, Florida, USA"
"Sunrise, Florida, USA"
"Sunrise, Florida, USA"
"Sunrise, Florida, USA"
"Sunrise, Florida, USA"
"Sunrise, Florida, USA"
"Sunrise, Florida, USA"
"Sunrise, Florida, USA"
"Sunrise, Florida, USA"
"Sunrise, Florida, USA"
"Sunrise, Florida, USA"
"Sunrise, Florida, USA"
"Sunrise, Florida, USA"
"Sunrise, Florida, USA"
"Belo Horizonte, Minas Gerais, Brazil"
"Belo Horizonte, Minas Gerais, Brazil"
"Belo Horizonte, Minas Gerais, Brazil"
"Belo Horizonte, Minas Gerais, Brazil"
"Belo Horizonte, Minas Gerais, Brazil"
"Calgary, Alberta, Canada"
"Calgary, Alberta, Canada"
"Calgary, Alberta, Canada"
"Calgary, Alberta, Canada"
"Calgary, Alberta, Canada"
"Calgary, Alberta, Canada"
"Calgary, Alberta, Canada"
"Calgary, Alberta, Canada"
"Calgary, Alberta, Canada"
"Calgary, Alberta, Canada"
"Calgary, Alberta, Canada"
"Calgary, Alberta, Canada"
"Calgary, Alberta, Canada"
"Calgary, Alberta, Canada"
"Nottingham, England, United Kingdom"
"Nottingham, England, United Kingdom"
"Nottingham, England, United Kingdom"
"Nottingham, England, United Kingdom"
"Nottingham, England, United Kingdom"
"Nottingham, England, United Kingdom"
"Nottingham, England, United Kingdom"
"Macau, China"
"Macau, China"
"Macau, China"
"Macau, China"
"Macau, China"
"Macau, China"
"Macau, China"
"Macau, China"
"Macau, China"
"Macau, China"
"Macau, China"
"Macau, China"
"Gold Coast, Queensland, Australia"
"Gold Coast, Queensland, Australia"
"Gold Coast, Queensland, Australia"
"Sao Paulo, Brazil"
"Sao Paulo, Brazil"
"Sao Paulo, Brazil"
"Sao Paulo, Brazil"
"Sao Paulo, Brazil"
"Sao Paulo, Brazil"
"Sao Paulo, Brazil"
"Sao Paulo, Brazil"
"Sao Paulo, Brazil"
"Sao Paulo, Brazil"
"Sao Paulo, Brazil"
"Sao Paulo, Brazil"
"Jaragua do Sul, Santa Catarina, Brazil"
"Jaragua do Sul, Santa Catarina, Brazil"
"Jaragua do Sul, Santa Catarina, Brazil"
"Jaragua do Sul, Santa Catarina, Brazil"
"Jaragua do Sul, Santa Catarina, Brazil"
"Jaragua do Sul, Santa Catarina, Brazil"
"Jaragua do Sul, Santa Catarina, Brazil"
"Jaragua do Sul, Santa Catarina, Brazil"
"Jaragua do Sul, Santa Catarina, Brazil"
"Jaragua do Sul, Santa Catarina, Brazil"
"Jaragua do Sul, Santa Catarina, Brazil"
"Jaragua do Sul, Santa Catarina, Brazil"
"Jaragua do Sul, Santa Catarina, Brazil"
"Jaragua do Sul, Santa Catarina, Brazil"
"Jaragua do Sul, Santa Catarina, Brazil"
"Jaragua do Sul, Santa Catarina, Brazil"
"Jaragua do Sul, Santa Catarina, Brazil"
"Fortaleza, Ceara, Brazil"
"Fortaleza, Ceara, Brazil"
"Fortaleza, Ceara, Brazil"
"Fortaleza, Ceara, Brazil"
"Fortaleza, Ceara, Brazil"
"Fortaleza, Ceara, Brazil"
"Fortaleza, Ceara, Brazil"
"Fortaleza, Ceara, Brazil"
"Fortaleza, Ceara, Brazil"
"Fortaleza, Ceara, Brazil"
"Fortaleza, Ceara, Brazil"
"Fortaleza, Ceara, Brazil"
"Fortaleza, Ceara, Brazil"
"Fortaleza, Ceara, Brazil"
"Fortaleza, Ceara, Brazil"
"Fortaleza, Ceara, Brazil"
"Fortaleza, Ceara, Brazil"
"Fortaleza, Ceara, Brazil"
"Fortaleza, Ceara, Brazil"
"Fortaleza, Ceara, Brazil"
"Fortaleza, Ceara, Brazil"
"Fort Campbell, Kentucky, USA"
"Fort Campbell, Kentucky, USA"
"Fort Campbell, Kentucky, USA"
"Fort Campbell, Kentucky, USA"
"Fort Campbell, Kentucky, USA"
"Fort Campbell, Kentucky, USA"
"Fort Campbell, Kentucky, USA"
"Fort Campbell, Kentucky, USA"
"Fort Campbell, Kentucky, USA"
"Goiania, Goias, Brazil"
"Goiania, Goias, Brazil"
"Goiania, Goias, Brazil"
"Goiania, Goias, Brazil"
"Goiania, Goias, Brazil"
"Goiania, Goias, Brazil"
"Goiania, Goias, Brazil"
"Goiania, Goias, Brazil"
"Goiania, Goias, Brazil"
"Goiania, Goias, Brazil"
"Goiania, Goias, Brazil"
"Goiania, Goias, Brazil"
"Goiania, Goias, Brazil"
"Brisbane, Queensland, Australia"
"Brisbane, Queensland, Australia"
"Brisbane, Queensland, Australia"
"Brisbane, Queensland, Australia"
"Brisbane, Queensland, Australia"
"Brisbane, Queensland, Australia"
"Brisbane, Queensland, Australia"
"Brisbane, Queensland, Australia"
"Brisbane, Queensland, Australia"
"Brisbane, Queensland, Australia"
"Brisbane, Queensland, Australia"
"Brisbane, Queensland, Australia"
"Brisbane, Queensland, Australia"
"Brisbane, Queensland, Australia"
"Duluth, Georgia, USA"
"Duluth, Georgia, USA"
"Duluth, Georgia, USA"
"Duluth, Georgia, USA"
"Duluth, Georgia, USA"
"Duluth, Georgia, USA"
"Duluth, Georgia, USA"
"Duluth, Georgia, USA"
"Duluth, Georgia, USA"
"Duluth, Georgia, USA"
"Natal, Rio Grande do Norte, Brazil"
"Natal, Rio Grande do Norte, Brazil"
"Natal, Rio Grande do Norte, Brazil"
"Natal, Rio Grande do Norte, Brazil"
"Natal, Rio Grande do Norte, Brazil"
"Natal, Rio Grande do Norte, Brazil"
"Natal, Rio Grande do Norte, Brazil"
"Natal, Rio Grande do Norte, Brazil"
"Quebec City, Quebec, Canada"
"Quebec City, Quebec, Canada"
"Quebec City, Quebec, Canada"
"Quebec City, Quebec, Canada"
"Quebec City, Quebec, Canada"
"Orlando, Florida, USA"
"Orlando, Florida, USA"
"Orlando, Florida, USA"
"Orlando, Florida, USA"
"Orlando, Florida, USA"
"Orlando, Florida, USA"
"Orlando, Florida, USA"
"Orlando, Florida, USA"
"Orlando, Florida, USA"
"Orlando, Florida, USA"
"Orlando, Florida, USA"
"Orlando, Florida, USA"
"Orlando, Florida, USA"
"Orlando, Florida, USA"
"Orlando, Florida, USA"
"Orlando, Florida, USA"
"Orlando, Florida, USA"
"Orlando, Florida, USA"
"Orlando, Florida, USA"
"Orlando, Florida, USA"
"Orlando, Florida, USA"
"Baltimore, Maryland, USA"
"Baltimore, Maryland, USA"
"Baltimore, Maryland, USA"
"Baltimore, Maryland, USA"
"Baltimore, Maryland, USA"
"Baltimore, Maryland, USA"
"Baltimore, Maryland, USA"
"Baltimore, Maryland, USA"
"Berlin, Germany"
"Berlin, Germany"
"Berlin, Germany"
"Berlin, Germany"
"Berlin, Germany"
"Berlin, Germany"
"Albuquerque, New Mexico, USA"
"Albuquerque, New Mexico, USA"
"Albuquerque, New Mexico, USA"
"Albuquerque, New Mexico, USA"
"Albuquerque, New Mexico, USA"
"Albuquerque, New Mexico, USA"
"Albuquerque, New Mexico, USA"
"Albuquerque, New Mexico, USA"
"Albuquerque, New Mexico, USA"
"Auckland, New Zealand"
"Auckland, New Zealand"
"Auckland, New Zealand"
"Auckland, New Zealand"
"Auckland, New Zealand"
"Auckland, New Zealand"
"Auckland, New Zealand"
"Auckland, New Zealand"
"Auckland, New Zealand"
"Auckland, New Zealand"
"Auckland, New Zealand"
"Auckland, New Zealand"
"Auckland, New Zealand"
"Auckland, New Zealand"
"Auckland, New Zealand"
"Auckland, New Zealand"
"Auckland, New Zealand"
"Auckland, New Zealand"
"Auckland, New Zealand"
"Auckland, New Zealand"
"Auckland, New Zealand"
"Auckland, New Zealand"
"San Antonio, Texas, USA"
"San Antonio, Texas, USA"
"San Antonio, Texas, USA"
"San Antonio, Texas, USA"
"San Antonio, Texas, USA"
"San Antonio, Texas, USA"
"San Antonio, Texas, USA"
"San Antonio, Texas, USA"
"San Antonio, Texas, USA"
"San Antonio, Texas, USA"
"San Antonio, Texas, USA"
"San Antonio, Texas, USA"
"San Antonio, Texas, USA"
"San Antonio, Texas, USA"
"San Antonio, Texas, USA"
"San Antonio, Texas, USA"
"San Antonio, Texas, USA"
"San Antonio, Texas, USA"
"Bangor, Maine, USA"
"Bangor, Maine, USA"
"Bangor, Maine, USA"
"Bangor, Maine, USA"
"Bangor, Maine, USA"
"Bangor, Maine, USA"
"Tulsa, Oklahoma, USA"
"Tulsa, Oklahoma, USA"
"Tulsa, Oklahoma, USA"
"Tulsa, Oklahoma, USA"
"Tulsa, Oklahoma, USA"
"Tulsa, Oklahoma, USA"
"Tulsa, Oklahoma, USA"
"Ledyard, Connecticut, USA"
"Ledyard, Connecticut, USA"
"Ledyard, Connecticut, USA"
"Ledyard, Connecticut, USA"
"Ledyard, Connecticut, USA"
"Ledyard, Connecticut, USA"
"Ledyard, Connecticut, USA"
"Ledyard, Connecticut, USA"
"Halifax, Nova Scotia, Canada"
"Halifax, Nova Scotia, Canada"
"Halifax, Nova Scotia, Canada"
"Halifax, Nova Scotia, Canada"
"Halifax, Nova Scotia, Canada"
"Halifax, Nova Scotia, Canada"
"Halifax, Nova Scotia, Canada"
"Halifax, Nova Scotia, Canada"
"Halifax, Nova Scotia, Canada"
"Halifax, Nova Scotia, Canada"
"Halifax, Nova Scotia, Canada"
"Halifax, Nova Scotia, Canada"
"Halifax, Nova Scotia, Canada"
"Halifax, Nova Scotia, Canada"
"Uberlandia, Minas Gerais, Brazil"
"Uberlandia, Minas Gerais, Brazil"
"Uberlandia, Minas Gerais, Brazil"
"Uberlandia, Minas Gerais, Brazil"
"Uberlandia, Minas Gerais, Brazil"
"Mexico City, Distrito Federal, Mexico"
"Mexico City, Distrito Federal, Mexico"
"Mexico City, Distrito Federal, Mexico"
"Mexico City, Distrito Federal, Mexico"
"Mexico City, Distrito Federal, Mexico"
"Mexico City, Distrito Federal, Mexico"
"Mexico City, Distrito Federal, Mexico"
"Mexico City, Distrito Federal, Mexico"
"Mexico City, Distrito Federal, Mexico"
"Mexico City, Distrito Federal, Mexico"
"Mexico City, Distrito Federal, Mexico"
"Mexico City, Distrito Federal, Mexico"
"Mexico City, Distrito Federal, Mexico"
"Mexico City, Distrito Federal, Mexico"
"Mexico City, Distrito Federal, Mexico"
"Mexico City, Distrito Federal, Mexico"
"Mexico City, Distrito Federal, Mexico"
"Mexico City, Distrito Federal, Mexico"
"Mexico City, Distrito Federal, Mexico"
"Mexico City, Distrito Federal, Mexico"
"Mexico City, Distrito Federal, Mexico"
"Mexico City, Distrito Federal, Mexico"
"Mexico City, Distrito Federal, Mexico"
"Mexico City, Distrito Federal, Mexico"
"Mexico City, Distrito Federal, Mexico"
"Mexico City, Distrito Federal, Mexico"
"Mexico City, Distrito Federal, Mexico"
"Mexico City, Distrito Federal, Mexico"
"Mexico City, Distrito Federal, Mexico"
"Porto Alegre, Rio Grande do Sul, Brazil"
"Porto Alegre, Rio Grande do Sul, Brazil"
"Porto Alegre, Rio Grande do Sul, Brazil"
"Porto Alegre, Rio Grande do Sul, Brazil"
"Porto Alegre, Rio Grande do Sul, Brazil"
"Porto Alegre, Rio Grande do Sul, Brazil"
"Porto Alegre, Rio Grande do Sul, Brazil"
"Porto Alegre, Rio Grande do Sul, Brazil"
"Porto Alegre, Rio Grande do Sul, Brazil"
"Porto Alegre, Rio Grande do Sul, Brazil"
"Krakow, Poland"
"Krakow, Poland"
"Krakow, Poland"
"Krakow, Poland"
"Krakow, Poland"
"Adelaide, South Australia, Australia"
"Adelaide, South Australia, Australia"
"Adelaide, South Australia, Australia"
"Adelaide, South Australia, Australia"
"Adelaide, South Australia, Australia"
"Adelaide, South Australia, Australia"
"Adelaide, South Australia, Australia"
"Adelaide, South Australia, Australia"
"Adelaide, South Australia, Australia"
"Adelaide, South Australia, Australia"
"Adelaide, South Australia, Australia"
"Adelaide, South Australia, Australia"
"Adelaide, South Australia, Australia"
"Adelaide, South Australia, Australia"
"Adelaide, South Australia, Australia"
"Manila, Philippines"
"Manila, Philippines"
"Manila, Philippines"
"Manila, Philippines"
"Manila, Philippines"
"Manila, Philippines"
"Manila, Philippines"
"Manila, Philippines"
"Manila, Philippines"
"Manila, Philippines"
"Manila, Philippines"
"Glasgow, Scotland, United Kingdom"
"Glasgow, Scotland, United Kingdom"
"Glasgow, Scotland, United Kingdom"
"Glasgow, Scotland, United Kingdom"
"Glasgow, Scotland, United Kingdom"
"Glasgow, Scotland, United Kingdom"
"Glasgow, Scotland, United Kingdom"
"Glasgow, Scotland, United Kingdom"
"Glasgow, Scotland, United Kingdom"
"Glasgow, Scotland, United Kingdom"
"Glasgow, Scotland, United Kingdom"
"Glasgow, Scotland, United Kingdom"
"Glasgow, Scotland, United Kingdom"
"Glasgow, Scotland, United Kingdom"
"Glasgow, Scotland, United Kingdom"
"Rio de Janeiro, Rio de Janeiro, Brazil"
"Rio de Janeiro, Rio de Janeiro, Brazil"
"Rio de Janeiro, Rio de Janeiro, Brazil"
"Rio de Janeiro, Rio de Janeiro, Brazil"
"Rio de Janeiro, Rio de Janeiro, Brazil"
"Rio de Janeiro, Rio de Janeiro, Brazil"
"Rio de Janeiro, Rio de Janeiro, Brazil"
"Rio de Janeiro, Rio de Janeiro, Brazil"
"Rio de Janeiro, Rio de Janeiro, Brazil"
"Rio de Janeiro, Rio de Janeiro, Brazil"
"Rio de Janeiro, Rio de Janeiro, Brazil"
"Rio de Janeiro, Rio de Janeiro, Brazil"
"Rio de Janeiro, Rio de Janeiro, Brazil"
"Rio de Janeiro, Rio de Janeiro, Brazil"
"Rio de Janeiro, Rio de Janeiro, Brazil"
"Rio de Janeiro, Rio de Janeiro, Brazil"
"Rio de Janeiro, Rio de Janeiro, Brazil"
"Rio de Janeiro, Rio de Janeiro, Brazil"
"Rio de Janeiro, Rio de Janeiro, Brazil"
"Rio de Janeiro, Rio de Janeiro, Brazil"
"Rio de Janeiro, Rio de Janeiro, Brazil"
"Rio de Janeiro, Rio de Janeiro, Brazil"
"Rio de Janeiro, Rio de Janeiro, Brazil"
"Rio de Janeiro, Rio de Janeiro, Brazil"
"Rio de Janeiro, Rio de Janeiro, Brazil"
"Rio de Janeiro, Rio de Janeiro, Brazil"
"Rio de Janeiro, Rio de Janeiro, Brazil"
"Rio de Janeiro, Rio de Janeiro, Brazil"
"Rio de Janeiro, Rio de Janeiro, Brazil"
"Rio de Janeiro, Rio de Janeiro, Brazil"
"Rio de Janeiro, Rio de Janeiro, Brazil"
"Rio de Janeiro, Rio de Janeiro, Brazil"
"Saskatoon, Saskatchewan, Canada"
"Saskatoon, Saskatchewan, Canada"
"Saskatoon, Saskatchewan, Canada"
"Saskatoon, Saskatchewan, Canada"
"Saskatoon, Saskatchewan, Canada"
"Saskatoon, Saskatchewan, Canada"
"Saskatoon, Saskatchewan, Canada"
"Saskatoon, Saskatchewan, Canada"
"Saskatoon, Saskatchewan, Canada"
"Saskatoon, Saskatchewan, Canada"
"Sao Paulo, Sao Paulo, Brazil"
"Sao Paulo, Sao Paulo, Brazil"
"Sao Paulo, Sao Paulo, Brazil"
"Sao Paulo, Sao Paulo, Brazil"
"Sao Paulo, Sao Paulo, Brazil"
"Sao Paulo, Sao Paulo, Brazil"
"Sao Paulo, Sao Paulo, Brazil"
"Sao Paulo, Sao Paulo, Brazil"
"Sao Paulo, Sao Paulo, Brazil"
"Sao Paulo, Sao Paulo, Brazil"
"Sao Paulo, Sao Paulo, Brazil"
"Sao Paulo, Sao Paulo, Brazil"
"Sao Paulo, Sao Paulo, Brazil"
"Sao Paulo, Sao Paulo, Brazil"
"Sao Paulo, Sao Paulo, Brazil"
"Sao Paulo, Sao Paulo, Brazil"
"Sao Paulo, Sao Paulo, Brazil"
"Sao Paulo, Sao Paulo, Brazil"
"Sao Paulo, Sao Paulo, Brazil"
"Sao Paulo, Sao Paulo, Brazil"
"Sao Paulo, Sao Paulo, Brazil"
"Sao Paulo, Sao Paulo, Brazil"
"Sao Paulo, Sao Paulo, Brazil"
"Sao Paulo, Sao Paulo, Brazil"
"Sao Paulo, Sao Paulo, Brazil"
"Sao Paulo, Sao Paulo, Brazil"
"Sao Paulo, Sao Paulo, Brazil"
"Sao Paulo, Sao Paulo, Brazil"
"Sao Paulo, Sao Paulo, Brazil"
"Sao Paulo, Sao Paulo, Brazil"
"Sao Paulo, Sao Paulo, Brazil"
"Sao Paulo, Sao Paulo, Brazil"
"Sao Paulo, Sao Paulo, Brazil"
"Sao Paulo, Sao Paulo, Brazil"
"Sao Paulo, Sao Paulo, Brazil"
"Sao Paulo, Sao Paulo, Brazil"
"Sao Paulo, Sao Paulo, Brazil"
"Sao Paulo, Sao Paulo, Brazil"
"Melbourne, Victoria, Australia"
"Melbourne, Victoria, Australia"
"Melbourne, Victoria, Australia"
"Melbourne, Victoria, Australia"
"Melbourne, Victoria, Australia"
"Melbourne, Victoria, Australia"
"Melbourne, Victoria, Australia"
"Melbourne, Victoria, Australia"
"Melbourne, Victoria, Australia"
"Melbourne, Victoria, Australia"
"Melbourne, Victoria, Australia"
"Melbourne, Victoria, Australia"
"Melbourne, Victoria, Australia"
"Melbourne, Victoria, Australia"
"Melbourne, Victoria, Australia"
"Melbourne, Victoria, Australia"
"Melbourne, Victoria, Australia"
"Melbourne, Victoria, Australia"
"Melbourne, Victoria, Australia"
"Melbourne, Victoria, Australia"
"Melbourne, Victoria, Australia"
"Melbourne, Victoria, Australia"
"Melbourne, Victoria, Australia"
"Melbourne, Victoria, Australia"
"Melbourne, Victoria, Australia"
"Melbourne, Victoria, Australia"
"Melbourne, Victoria, Australia"
"Melbourne, Victoria, Australia"
"Melbourne, Victoria, Australia"
"Melbourne, Victoria, Australia"
"Melbourne, Victoria, Australia"
"Melbourne, Victoria, Australia"
"Melbourne, Victoria, Australia"
"Monterrey, Nuevo Leon, Mexico"
"Monterrey, Nuevo Leon, Mexico"
"Monterrey, Nuevo Leon, Mexico"
"Monterrey, Nuevo Leon, Mexico"
"Monterrey, Nuevo Leon, Mexico"
"Monterrey, Nuevo Leon, Mexico"
"Monterrey, Nuevo Leon, Mexico"
"Monterrey, Nuevo Leon, Mexico"
"Monterrey, Nuevo Leon, Mexico"
"Seoul, South Korea"
"Seoul, South Korea"
"Seoul, South Korea"
"Seoul, South Korea"
"Seoul, South Korea"
"Seoul, South Korea"
"Seoul, South Korea"
"Seoul, South Korea"
"Seoul, South Korea"
"Zagreb, Croatia"
"Zagreb, Croatia"
"Zagreb, Croatia"
"Zagreb, Croatia"
"Zagreb, Croatia"
"Zagreb, Croatia"
"Rotterdam, Zuid-Holland, Netherlands"
"Rotterdam, Zuid-Holland, Netherlands"
"Rotterdam, Zuid-Holland, Netherlands"
"Rotterdam, Zuid-Holland, Netherlands"
"Rotterdam, Zuid-Holland, Netherlands"
"Rotterdam, Zuid-Holland, Netherlands"
"Rotterdam, Zuid-Holland, Netherlands"
"Rotterdam, Zuid-Holland, Netherlands"
"Rotterdam, Zuid-Holland, Netherlands"
"Rotterdam, Zuid-Holland, Netherlands"
"Rotterdam, Zuid-Holland, Netherlands"
"Rotterdam, Zuid-Holland, Netherlands"
"Rotterdam, Zuid-Holland, Netherlands"
"Rotterdam, Zuid-Holland, Netherlands"
"Rotterdam, Zuid-Holland, Netherlands"
"Rotterdam, Zuid-Holland, Netherlands"
"Ottawa, Ontario, Canada"
"Ottawa, Ontario, Canada"
"Ottawa, Ontario, Canada"
"Ottawa, Ontario, Canada"
"Ottawa, Ontario, Canada"
"Ottawa, Ontario, Canada"
"Ottawa, Ontario, Canada"
"Ottawa, Ontario, Canada"
"Ottawa, Ontario, Canada"
"Ottawa, Ontario, Canada"
"Ottawa, Ontario, Canada"
"Ottawa, Ontario, Canada"
"Ottawa, Ontario, Canada"
"Ottawa, Ontario, Canada"
"Ottawa, Ontario, Canada"
"Ottawa, Ontario, Canada"
"Sioux Falls, South Dakota, USA"
"Sioux Falls, South Dakota, USA"
"Sioux Falls, South Dakota, USA"
"Sioux Falls, South Dakota, USA"
"Sioux Falls, South Dakota, USA"
"Sioux Falls, South Dakota, USA"
"Salt Lake City, Utah, USA"
"Salt Lake City, Utah, USA"
"Salt Lake City, Utah, USA"
"Salt Lake City, Utah, USA"
"Salt Lake City, Utah, USA"
"Salt Lake City, Utah, USA"
"Hamburg, Hamburg, Germany"
"Hamburg, Hamburg, Germany"
"Hamburg, Hamburg, Germany"
"Hamburg, Hamburg, Germany"
"Hamburg, Hamburg, Germany"
"Hamburg, Hamburg, Germany"
"Hamburg, Hamburg, Germany"
"Hamburg, Hamburg, Germany"
"Hamburg, Hamburg, Germany"
"Hamburg, Hamburg, Germany"
"Hamburg, Hamburg, Germany"
"Hamburg, Hamburg, Germany"
"Hamburg, Hamburg, Germany"
"Hamburg, Hamburg, Germany"
"Cleveland, Ohio, USA"
"Cleveland, Ohio, USA"
"Cleveland, Ohio, USA"
"Cleveland, Ohio, USA"
"Hidalgo, Texas, USA"
"Hidalgo, Texas, USA"
"Hidalgo, Texas, USA"
"Hidalgo, Texas, USA"
"Hidalgo, Texas, USA"
"Hidalgo, Texas, USA"
"Hidalgo, Texas, USA"
"Hidalgo, Texas, USA"
"Hidalgo, Texas, USA"
"New York City, New York, USA"
"New York City, New York, USA"
"New York City, New York, USA"
"New York City, New York, USA"
"New York City, New York, USA"
"New York City, New York, USA"
"New York City, New York, USA"
"New York City, New York, USA"
"New York City, New York, USA"
"New York City, New York, USA"
"New York City, New York, USA"
"New York City, New York, USA"
"New York City, New York, USA"
"New York City, New York, USA"
"New York City, New York, USA"
"New York City, New York, USA"
"New York City, New York, USA"
"New York City, New York, USA"
"New York City, New York, USA"
"New York City, New York, USA"
"New York City, New York, USA"
"New York City, New York, USA"
"New York City, New York, USA"
"New York City, New York, USA"
"New York City, New York, USA"
"Albany, New York, USA"
"Albany, New York, USA"
"Albany, New York, USA"
"Albany, New York, USA"
"Albany, New York, USA"
"Brooklyn, New York, USA"
"Brooklyn, New York, USA"
"Brooklyn, New York, USA"
"Brooklyn, New York, USA"
"Brooklyn, New York, USA"
"Brooklyn, New York, USA"
"Brooklyn, New York, USA"
"Brooklyn, New York, USA"
"Brooklyn, New York, USA"
"Brooklyn, New York, USA"
"Brooklyn, New York, USA"
"Brooklyn, New York, USA"
"Brooklyn, New York, USA"
"Brooklyn, New York, USA"
"Brooklyn, New York, USA"
"Brooklyn, New York, USA"
"Brooklyn, New York, USA"
"Brooklyn, New York, USA"
"Brooklyn, New York, USA"
"Brooklyn, New York, USA"
"Brooklyn, New York, USA"
"Buffalo, New York, USA"
"Buffalo, New York, USA"
"Buffalo, New York, USA"
"Buffalo, New York, USA"
"Buffalo, New York, USA"
"Buffalo, New York, USA"
"Buffalo, New York, USA"
"Buffalo, New York, USA"
"Buffalo, New York, USA"
"Kansas City, Missouri, USA"
"Kansas City, Missouri, USA"
"Kansas City, Missouri, USA"
"Kansas City, Missouri, USA"
"Kansas City, Missouri, USA"
"Kansas City, Missouri, USA"
"Kansas City, Missouri, USA"
"Kansas City, Missouri, USA"
"Kansas City, Missouri, USA"
"Kansas City, Missouri, USA"
"Kallang, Singapore"
"Kallang, Singapore"
"Kallang, Singapore"
"Kallang, Singapore"
"Kallang, Singapore"
"Kallang, Singapore"
"Kallang, Singapore"
"Kallang, Singapore"
"Kallang, Singapore"
"Kallang, Singapore"
"Kallang, Singapore"
"Kallang, Singapore"
"Kallang, Singapore"
"Kallang, Singapore"
"Kallang, Singapore"
"Kallang, Singapore"
"Kallang, Singapore"
"Kallang, Singapore"
"Kallang, Singapore"
"Kallang, Singapore"
"Kallang, Singapore"
"Uniondale, New York, USA"
"Uniondale, New York, USA"
"Uniondale, New York, USA"
"Uniondale, New York, USA"
"Uniondale, New York, USA"
"Uniondale, New York, USA"
"Uniondale, New York, USA"
"Uniondale, New York, USA"
"Uniondale, New York, USA"
"Uniondale, New York, USA"
"Uniondale, New York, USA"
"Edmonton, Alberta, Canada"
"Edmonton, Alberta, Canada"
"Edmonton, Alberta, Canada"
"Edmonton, Alberta, Canada"
"Edmonton, Alberta, Canada"
"Edmonton, Alberta, Canada"
"Edmonton, Alberta, Canada"
"Edmonton, Alberta, Canada"
"Edmonton, Alberta, Canada"
"Edmonton, Alberta, Canada"
"Edmonton, Alberta, Canada"
"Edmonton, Alberta, Canada"
"Edmonton, Alberta, Canada"
"Edmonton, Alberta, Canada"
"Edmonton, Alberta, Canada"
"Gdansk, Poland"
"Gdansk, Poland"
"Gdansk, Poland"
"Gdansk, Poland"
"Gdansk, Poland"
"Norfolk, Virginia, USA"
"Norfolk, Virginia, USA"
"Norfolk, Virginia, USA"
"Norfolk, Virginia, USA"
"Norfolk, Virginia, USA"
"Norfolk, Virginia, USA"
"Norfolk, Virginia, USA"
"Norfolk, Virginia, USA"
"Norfolk, Virginia, USA"
"Norfolk, Virginia, USA"
"Norfolk, Virginia, USA"
"Norfolk, Virginia, USA"
"Norfolk, Virginia, USA"
"Norfolk, Virginia, USA"
"Norfolk, Virginia, USA"
"Norfolk, Virginia, USA"
"Norfolk, Virginia, USA"
"Norfolk, Virginia, USA"
"Norfolk, Virginia, USA"
"Norfolk, Virginia, USA"
"Shanghai, Hebei, China"
"Shanghai, Hebei, China"
"Shanghai, Hebei, China"
"Detroit, Michigan, USA"
"Detroit, Michigan, USA"
"Detroit, Michigan, USA"
"Detroit, Michigan, USA"
"Detroit, Michigan, USA"
"Detroit, Michigan, USA"
"Detroit, Michigan, USA"
"Detroit, Michigan, USA"
"Fresno, California, USA"
"Fresno, California, USA"
"Fresno, California, USA"
"Fresno, California, USA"
"Fresno, California, USA"
"Fresno, California, USA"
"Fresno, California, USA"
"Fresno, California, USA"
"St. Louis, Missouri, USA"
"St. Louis, Missouri, USA"
"St. Louis, Missouri, USA"
"St. Louis, Missouri, USA"
"St. Louis, Missouri, USA"
"St. Louis, Missouri, USA"
"Belem, Para, Brazil"
"Belem, Para, Brazil"
"Belem, Para, Brazil"
"Belem, Para, Brazil"
"Belem, Para, Brazil"
"Belem, Para, Brazil"
"Belem, Para, Brazil"
"Belem, Para, Brazil"
"Belem, Para, Brazil"
"Perth, Western Australia, Australia"
"Perth, Western Australia, Australia"
"Perth, Western Australia, Australia"
"Perth, Western Australia, Australia"
"Perth, Western Australia, Australia"
"Perth, Western Australia, Australia"
"Perth, Western Australia, Australia"
"Perth, Western Australia, Australia"
"Perth, Western Australia, Australia"
"Perth, Western Australia, Australia"
"Glendale, Arizona, USA"
"Glendale, Arizona, USA"
"Glendale, Arizona, USA"
"Glendale, Arizona, USA"
"Glendale, Arizona, USA"
"Glendale, Arizona, USA"
"Glendale, Arizona, USA"
"Glendale, Arizona, USA"
"Glendale, Arizona, USA"
"Glendale, Arizona, USA"
"Santiago, Chile"
"Santiago, Chile"
"Santiago, Chile"
"Santiago, Chile"
"Santiago, Chile"
"Santiago, Chile"
"Santiago, Chile"
"Liverpool, England, United Kingdom"
"Liverpool, England, United Kingdom"
"Liverpool, England, United Kingdom"
"Liverpool, England, United Kingdom"
"Liverpool, England, United Kingdom"
"Liverpool, England, United Kingdom"
"Liverpool, England, United Kingdom"
"Utica, New York, USA"
"Utica, New York, USA"
"Utica, New York, USA"
"Utica, New York, USA"
"Utica, New York, USA"
"Utica, New York, USA"
"Utica, New York, USA"
"Utica, New York, USA"
"Boise, Idaho, USA"
"Boise, Idaho, USA"
"Boise, Idaho, USA"
"Boise, Idaho, USA"
"Boise, Idaho, USA"
"Boise, Idaho, USA"
"Lincoln, Nebraska, USA"
"Lincoln, Nebraska, USA"
"Lincoln, Nebraska, USA"
"Lincoln, Nebraska, USA"
"Lincoln, Nebraska, USA"
"Lincoln, Nebraska, USA"
"Lincoln, Nebraska, USA"
"Lincoln, Nebraska, USA"
"Lincoln, Nebraska, USA"
"Lincoln, Nebraska, USA"
"Lincoln, Nebraska, USA"
"Moscow, Moscow, Russia"
"Moscow, Moscow, Russia"
"Moscow, Moscow, Russia"
"Moscow, Moscow, Russia"
"Moscow, Moscow, Russia"
"Moscow, Moscow, Russia"
"Moscow, Moscow, Russia"
"Buenos Aires, Buenos Aires, Argentina"
"Buenos Aires, Buenos Aires, Argentina"
"Buenos Aires, Buenos Aires, Argentina"
"Buenos Aires, Buenos Aires, Argentina"
"Buenos Aires, Buenos Aires, Argentina"
"Beijing, China"
"Beijing, China"
"Beijing, China"
"Beijing, China"
"Beijing, China"
"Prague, Czech Republic"
"Prague, Czech Republic"
"Prague, Czech Republic"
"Prague, Czech Republic"
"Prague, Czech Republic"
"Prague, Czech Republic"
"Prague, Czech Republic"
"Wichita, Kansas, USA"
"Wichita, Kansas, USA"
"Wichita, Kansas, USA"
"Wichita, Kansas, USA"
"Wichita, Kansas, USA"
"Wichita, Kansas, USA"
"Wichita, Kansas, USA"
"Wichita, Kansas, USA"
"Wichita, Kansas, USA"
"Wichita, Kansas, USA"
"Saint Petersburg, Saint Petersburg, Russia"
"Saint Petersburg, Saint Petersburg, Russia"
"Saint Petersburg, Saint Petersburg, Russia"
"Saint Petersburg, Saint Petersburg, Russia"
"Saint Petersburg, Saint Petersburg, Russia"
"Rochester, New York, USA"
"Rochester, New York, USA"
"Rochester, New York, USA"
"Rochester, New York, USA"
"Rochester, New York, USA"
"Rochester, New York, USA"
"Rochester, New York, USA"
"Copenhagen, Denmark"
"Copenhagen, Denmark"
"Copenhagen, Denmark"
"Copenhagen, Denmark"
"Copenhagen, Denmark"
"Copenhagen, Denmark"
"Copenhagen, Denmark"
"Copenhagen, Denmark"
"Copenhagen, Denmark"
"Copenhagen, Denmark"
"Copenhagen, Denmark"
"Copenhagen, Denmark"
"Abu Dhabi, Abu Dhabi, United Arab Emirates"
"Abu Dhabi, Abu Dhabi, United Arab Emirates"
"Abu Dhabi, Abu Dhabi, United Arab Emirates"
"Abu Dhabi, Abu Dhabi, United Arab Emirates"
"Abu Dhabi, Abu Dhabi, United Arab Emirates"
"Abu Dhabi, Abu Dhabi, United Arab Emirates"
"Abu Dhabi, Abu Dhabi, United Arab Emirates"
"Abu Dhabi, Abu Dhabi, United Arab Emirates"
"Abu Dhabi, Abu Dhabi, United Arab Emirates"
"Abu Dhabi, Abu Dhabi, United Arab Emirates"
"Abu Dhabi, Abu Dhabi, United Arab Emirates"
"Abu Dhabi, Abu Dhabi, United Arab Emirates"
"Abu Dhabi, Abu Dhabi, United Arab Emirates"
"Abu Dhabi, Abu Dhabi, United Arab Emirates"
"Abu Dhabi, Abu Dhabi, United Arab Emirates"
"Abu Dhabi, Abu Dhabi, United Arab Emirates"
"Abu Dhabi, Abu Dhabi, United Arab Emirates"
"Abu Dhabi, Abu Dhabi, United Arab Emirates"
"Abu Dhabi, Abu Dhabi, United Arab Emirates"
"Abu Dhabi, Abu Dhabi, United Arab Emirates"
"Abu Dhabi, Abu Dhabi, United Arab Emirates"
"Abu Dhabi, Abu Dhabi, United Arab Emirates"
"Abu Dhabi, Abu Dhabi, United Arab Emirates"
"Abu Dhabi, Abu Dhabi, United Arab Emirates"
"Abu Dhabi, Abu Dhabi, United Arab Emirates"
"Abu Dhabi, Abu Dhabi, United Arab Emirates"
"Abu Dhabi, Abu Dhabi, United Arab Emirates"
"Abu Dhabi, Abu Dhabi, United Arab Emirates"
"Abu Dhabi, Abu Dhabi, United Arab Emirates"
"Abu Dhabi, Abu Dhabi, United Arab Emirates"
"Abu Dhabi, Abu Dhabi, United Arab Emirates"
"Abu Dhabi, Abu Dhabi, United Arab Emirates"
"Abu Dhabi, Abu Dhabi, United Arab Emirates"
"Abu Dhabi, Abu Dhabi, United Arab Emirates"
"Abu Dhabi, Abu Dhabi, United Arab Emirates"
"Abu Dhabi, Abu Dhabi, United Arab Emirates"
"Abu Dhabi, Abu Dhabi, United Arab Emirates"
"Abu Dhabi, Abu Dhabi, United Arab Emirates"
"Abu Dhabi, Abu Dhabi, United Arab Emirates"
"Abu Dhabi, Abu Dhabi, United Arab Emirates"
"Abu Dhabi, Abu Dhabi, United Arab Emirates"
"Abu Dhabi, Abu Dhabi, United Arab Emirates"
"Abu Dhabi, Abu Dhabi, United Arab Emirates"
"Abu Dhabi, Abu Dhabi, United Arab Emirates"
"Abu Dhabi, Abu Dhabi, United Arab Emirates"
"Abu Dhabi, Abu Dhabi, United Arab Emirates"
"Abu Dhabi, Abu Dhabi, United Arab Emirates"
"Abu Dhabi, Abu Dhabi, United Arab Emirates"
"Abu Dhabi, Abu Dhabi, United Arab Emirates"
"Abu Dhabi, Abu Dhabi, United Arab Emirates"
"Abu Dhabi, Abu Dhabi, United Arab Emirates"
"Montevideo, Uruguay"
"Montevideo, Uruguay"
"Montevideo, Uruguay"
"Montevideo, Uruguay"
"Montevideo, Uruguay"
"Montevideo, Uruguay"
"Montevideo, Uruguay"
"Montevideo, Uruguay"
"Montevideo, Uruguay"
"Montevideo, Uruguay"
"Rio Rancho, New Mexico, USA"
"Rio Rancho, New Mexico, USA"
"Rio Rancho, New Mexico, USA"
"Rio Rancho, New Mexico, USA"
"Rio Rancho, New Mexico, USA"
"Rio Rancho, New Mexico, USA"
"Rio Rancho, New Mexico, USA"
"Rio Rancho, New Mexico, USA"
"Rio Rancho, New Mexico, USA"
"Rio Rancho, New Mexico, USA"
"Greenville, South Carolina, USA"
"Greenville, South Carolina, USA"
"Greenville, South Carolina, USA"
"Greenville, South Carolina, USA"
"Greenville, South Carolina, USA"
"Greenville, South Carolina, USA"
"Greenville, South Carolina, USA"
"Greenville, South Carolina, USA"
"Jacksonville, Florida, USA"
"Jacksonville, Florida, USA"
"Jacksonville, Florida, USA"
"Jacksonville, Florida, USA"
"Jacksonville, Florida, USA"
"Jacksonville, Florida, USA"
"Jacksonville, Florida, USA"
"Jacksonville, Florida, USA"
"Jacksonville, Florida, USA"
"Jacksonville, Florida, USA"
"Jacksonville, Florida, USA"
"Jacksonville, Florida, USA"
"Jacksonville, Florida, USA"
"Jacksonville, Florida, USA"
"Jacksonville, Florida, USA"
"Jacksonville, Florida, USA"
"Jacksonville, Florida, USA"
"Jacksonville, Florida, USA"
"Jacksonville, Florida, USA"
"Jacksonville, Florida, USA"
"Jacksonville, Florida, USA"
"Jacksonville, Florida, USA"
"Jacksonville, Florida, USA"
"Jacksonville, Florida, USA"
"Jacksonville, Florida, USA"
"Jacksonville, Florida, USA"
"Jacksonville, Florida, USA"
"Jacksonville, Florida, USA"
"Jacksonville, Florida, USA"
